time_s,x_m,y_m,yaw_rad,vx_mps,vy_mps,omega_rads
0.0000,7.7391,2.9999,-1.5708,0.0897,0.0145,0.0000
0.0200,7.7400,3.0000,-1.5708,0.0000,0.0000,0.0000
0.0400,7.7391,2.9999,-1.5708,-0.0896,-0.0145,-0.0000
0.0600,7.7359,2.9993,-1.5708,-0.1790,-0.0292,-0.0001
0.0800,7.7312,2.9986,-1.5708,-0.2676,-0.0441,-0.0001
0.1000,7.7246,2.9975,-1.5708,-0.3553,-0.0593,-0.0001
0.1200,7.7173,2.9962,-1.5708,-0.4422,-0.0748,-0.0001
0.1400,7.7058,2.9942,-1.5708,-0.5240,-0.0920,-0.0001
0.1600,7.6944,2.9922,-1.5708,-0.6059,-0.1093,-0.0001
0.1800,7.6829,2.9902,-1.5708,-0.6877,-0.1265,-0.0001
0.2000,7.6670,2.9869,-1.5708,-0.7560,-0.1483,-0.0000
0.2200,7.6493,2.9832,-1.5708,-0.8191,-0.1718,0.0000
0.2400,7.6316,2.9794,-1.5708,-0.8822,-0.1954,0.0001
0.2600,7.6139,2.9756,-1.5708,-0.9453,-0.2189,0.0001
0.2800,7.5961,2.9719,-1.5708,-1.0084,-0.2424,0.0002
0.3000,7.5756,2.9658,-1.5708,-1.0437,-0.2747,0.0002
0.3200,7.5529,2.9581,-1.5708,-1.0580,-0.3137,0.0002
0.3400,7.5302,2.9503,-1.5708,-1.0723,-0.3526,0.0002
0.3600,7.5075,2.9425,-1.5708,-1.0865,-0.3916,0.0002
0.3800,7.4848,2.9347,-1.5708,-1.1008,-0.4306,0.0002
0.4000,7.4621,2.9269,-1.5708,-1.1151,-0.4695,0.0002
0.4200,7.4394,2.9191,-1.5708,-1.1293,-0.5085,0.0002
0.4400,7.4167,2.9113,-1.5708,-1.1436,-0.5474,0.0002
0.4600,7.3950,2.8985,-1.5708,-1.1187,-0.5979,0.0002
0.4800,7.3735,2.8848,-1.5708,-1.0865,-0.6505,0.0002
0.5000,7.3521,2.8711,-1.5708,-1.0543,-0.7030,0.0002
0.5200,7.3306,2.8574,-1.5708,-1.0221,-0.7556,0.0002
0.5400,7.3092,2.8436,-1.5708,-0.9899,-0.8082,0.0002
0.5600,7.2901,2.8267,-1.5708,-0.9476,-0.8629,0.0002
0.5800,7.2720,2.8083,-1.5708,-0.9008,-0.9187,0.0002
0.6000,7.2540,2.7899,-1.5708,-0.8540,-0.9744,0.0002
0.6200,7.2367,2.7706,-1.5708,-0.8063,-1.0301,0.0002
0.6400,7.2215,2.7491,-1.5708,-0.7564,-1.0857,0.0002
0.6600,7.2062,2.7275,-1.5707,-0.7064,-1.1414,0.0003
0.6800,7.1928,2.7038,-1.5707,-0.6563,-1.1965,0.0003
0.7000,7.1801,2.6795,-1.5707,-0.6064,-1.2514,0.0003
0.7200,7.1684,2.6539,-1.5707,-0.5569,-1.3058,0.0003
0.7400,7.1578,2.6273,-1.5707,-0.5078,-1.3599,0.0003
0.7600,7.1481,2.5995,-1.5707,-0.4594,-1.4136,0.0003
0.7800,7.1394,2.5707,-1.5707,-0.4116,-1.4668,0.0003
0.8000,7.1316,2.5409,-1.5707,-0.3647,-1.5195,0.0003
0.8200,7.1248,2.5100,-1.5707,-0.3187,-1.5716,0.0003
0.8400,7.1189,2.4780,-1.5707,-0.2738,-1.6230,0.0003
0.8600,7.1139,2.4449,-1.5707,-0.2302,-1.6736,0.0002
0.8800,7.1096,2.4111,-1.5707,-0.1877,-1.7236,0.0002
0.9000,7.1067,2.3757,-1.5707,-0.1495,-1.7710,0.0001
0.9200,7.1038,2.3401,-1.5707,-0.1115,-1.8182,0.0001
0.9400,7.1023,2.3027,-1.5707,-0.0817,-1.8605,-0.0000
0.9600,7.1013,2.2647,-1.5707,-0.0547,-1.9010,-0.0001
0.9800,7.1002,2.2267,-1.5707,-0.0278,-1.9414,-0.0001
1.0000,7.0996,2.1876,-1.5707,-0.0120,-1.9747,-0.0002
1.0200,7.0997,2.1469,-1.5707,-0.0113,-1.9984,-0.0003
1.0400,7.0998,2.1062,-1.5707,-0.0105,-2.0220,-0.0003
1.0600,7.0999,2.0656,-1.5707,-0.0097,-2.0457,-0.0004
1.0800,7.1000,2.0249,-1.5707,-0.0089,-2.0693,-0.0004
1.1000,7.0996,1.9837,-1.5707,-0.0203,-2.0847,-0.0005
1.1200,7.0987,1.9418,-1.5707,-0.0456,-2.0907,-0.0005
1.1400,7.0978,1.8999,-1.5707,-0.0709,-2.0967,-0.0005
1.1600,7.0966,1.8580,-1.5707,-0.0978,-2.1014,-0.0005
1.1800,7.0940,1.8159,-1.5708,-0.1340,-2.0991,-0.0005
1.2000,7.0914,1.7739,-1.5708,-0.1701,-2.0969,-0.0005
1.2200,7.0872,1.7321,-1.5708,-0.2113,-2.0904,-0.0005
1.2400,7.0830,1.6903,-1.5708,-0.2528,-2.0836,-0.0005
1.2600,7.0766,1.6490,-1.5708,-0.3003,-2.0706,-0.0005
1.2800,7.0702,1.6076,-1.5708,-0.3478,-2.0577,-0.0005
1.3000,7.0634,1.5665,-1.5708,-0.3966,-2.0431,-0.0004
1.3200,7.0532,1.5265,-1.5708,-0.4541,-2.0168,-0.0004
1.3400,7.0430,1.4866,-1.5708,-0.5117,-1.9906,-0.0004
1.3600,7.0328,1.4467,-1.5708,-0.5693,-1.9643,-0.0003
1.3800,7.0226,1.4068,-1.5708,-0.6268,-1.9380,-0.0003
1.4000,7.0089,1.3687,-1.5709,-0.6903,-1.9019,-0.0002
1.4200,6.9942,1.3312,-1.5709,-0.7554,-1.8630,-0.0002
1.4400,6.9796,1.2936,-1.5709,-0.8205,-1.8242,-0.0001
1.4600,6.9621,1.2578,-1.5709,-0.8872,-1.7809,-0.0001
1.4800,6.9442,1.2223,-1.5709,-0.9540,-1.7370,-0.0000
1.5000,6.9243,1.1881,-1.5709,-1.0212,-1.6913,0.0000
1.5200,6.9033,1.1547,-1.5709,-1.0883,-1.6449,0.0001
1.5400,6.8808,1.1223,-1.5709,-1.1553,-1.5978,0.0001
1.5600,6.8571,1.0908,-1.5709,-1.2222,-1.5501,0.0002
1.5800,6.8320,1.0603,-1.5709,-1.2888,-1.5020,0.0002
1.6000,6.8055,1.0307,-1.5709,-1.3551,-1.4534,0.0003
1.6200,6.7777,1.0021,-1.5708,-1.4210,-1.4045,0.0003
1.6400,6.7487,0.9745,-1.5708,-1.4864,-1.3552,0.0004
1.6600,6.7183,0.9479,-1.5708,-1.5512,-1.3058,0.0004
1.6800,6.6866,0.9223,-1.5708,-1.6154,-1.2562,0.0004
1.7000,6.6537,0.8977,-1.5708,-1.6788,-1.2066,0.0005
1.7200,6.6195,0.8740,-1.5708,-1.7415,-1.1570,0.0005
1.7400,6.5840,0.8514,-1.5708,-1.8032,-1.1075,0.0005
1.7600,6.5474,0.8297,-1.5708,-1.8640,-1.0582,0.0005
1.7800,6.5095,0.8091,-1.5708,-1.9237,-1.0091,0.0005
1.8000,6.4704,0.7894,-1.5708,-1.9824,-0.9605,0.0005
1.8200,6.4302,0.7706,-1.5707,-2.0398,-0.9123,0.0005
1.8400,6.3888,0.7529,-1.5707,-2.0960,-0.8646,0.0005
1.8600,6.3464,0.7361,-1.5707,-2.1509,-0.8174,0.0005
1.8800,6.3028,0.7202,-1.5707,-2.2045,-0.7709,0.0004
1.9000,6.2582,0.7052,-1.5707,-2.2566,-0.7251,0.0004
1.9200,6.2125,0.6912,-1.5707,-2.3073,-0.6799,0.0003
1.9400,6.1659,0.6780,-1.5707,-2.3565,-0.6356,0.0002
1.9600,6.1183,0.6657,-1.5707,-2.4041,-0.5920,0.0001
1.9800,6.0697,0.6543,-1.5707,-2.4501,-0.5492,0.0000
2.0000,6.0202,0.6439,-1.5707,-2.4941,-0.5075,-0.0001
2.0200,5.9699,0.6341,-1.5707,-2.5360,-0.4669,-0.0002
2.0400,5.9186,0.6254,-1.5707,-2.5739,-0.4283,-0.0003
2.0600,5.8669,0.6170,-1.5707,-2.6097,-0.3908,-0.0004
2.0800,5.8140,0.6101,-1.5707,-2.6358,-0.3581,-0.0005
2.1000,5.7610,0.6032,-1.5707,-2.6620,-0.3254,-0.0006
2.1200,5.7079,0.5965,-1.5707,-2.6868,-0.2933,-0.0008
2.1400,5.6538,0.5911,-1.5708,-2.7010,-0.2663,-0.0009
2.1600,5.5998,0.5858,-1.5708,-2.7149,-0.2395,-0.0010
2.1800,5.5454,0.5813,-1.5708,-2.7238,-0.2150,-0.0011
2.2000,5.4908,0.5773,-1.5708,-2.7309,-0.1912,-0.0012
2.2200,5.4362,0.5737,-1.5708,-2.7360,-0.1682,-0.0013
2.2400,5.3814,0.5705,-1.5709,-2.7394,-0.1459,-0.0013
2.2600,5.3266,0.5679,-1.5709,-2.7407,-0.1243,-0.0014
2.2800,5.2718,0.5656,-1.5709,-2.7394,-0.1037,-0.0014
2.3000,5.2170,0.5637,-1.5710,-2.7360,-0.0837,-0.0015
2.3200,5.1625,0.5624,-1.5710,-2.7266,-0.0655,-0.0015
2.3400,5.1081,0.5613,-1.5710,-2.7143,-0.0481,-0.0014
2.3600,5.0536,0.5603,-1.5710,-2.7020,-0.0308,-0.0014
2.3800,5.0007,0.5602,-1.5711,-2.6710,-0.0182,-0.0012
2.4000,4.9477,0.5601,-1.5711,-2.6396,-0.0057,-0.0011
2.4200,4.8948,0.5601,-1.5711,-2.6081,0.0068,-0.0009
2.4400,4.8419,0.5600,-1.5711,-2.5767,0.0192,-0.0008
2.4600,4.7937,0.5607,-1.5711,-2.5097,0.0246,-0.0005
2.4800,4.7460,0.5615,-1.5711,-2.4394,0.0293,-0.0003
2.5000,4.6983,0.5623,-1.5711,-2.3691,0.0340,-0.0001
2.5200,4.6505,0.5631,-1.5711,-2.2988,0.0387,0.0001
2.5400,4.6028,0.5639,-1.5711,-2.2285,0.0434,0.0004
2.5600,4.5551,0.5647,-1.5711,-2.1582,0.0481,0.0006
2.5800,4.5148,0.5656,-1.5711,-2.0587,0.0480,0.0008
2.6000,4.4760,0.5665,-1.5711,-1.9530,0.0468,0.0009
2.6200,4.4373,0.5675,-1.5711,-1.8474,0.0457,0.0011
2.6400,4.3985,0.5684,-1.5711,-1.7418,0.0445,0.0012
2.6600,4.3656,0.5693,-1.5710,-1.6262,0.0422,0.0013
2.6800,4.3344,0.5701,-1.5710,-1.5076,0.0395,0.0013
2.7000,4.3036,0.5709,-1.5710,-1.3887,0.0367,0.0014
2.7200,4.2779,0.5716,-1.5710,-1.2653,0.0336,0.0013
2.7400,4.2531,0.5722,-1.5709,-1.1414,0.0304,0.0013
2.7600,4.2313,0.5728,-1.5709,-1.0161,0.0271,0.0012
2.7800,4.2122,0.5733,-1.5709,-0.8901,0.0238,0.0011
2.8000,4.1957,0.5738,-1.5709,-0.7634,0.0204,0.0009
2.8200,4.1817,0.5742,-1.5709,-0.6362,0.0170,0.0008
2.8400,4.1702,0.5745,-1.5708,-0.5086,0.0136,0.0007
2.8600,4.1613,0.5747,-1.5708,-0.3806,0.0102,0.0005
2.8800,4.1550,0.5749,-1.5708,-0.2524,0.0067,0.0003
2.9000,4.1512,0.5750,-1.5708,-0.1240,0.0033,0.0002
2.9193,4.1500,0.5750,-1.5708,-0.0000,-0.0000,-0.0000
