t,id,x,y,z
0.0000,0,1.9185,0.0000,0.5983
0.0200,0,1.8373,0.0000,0.6923
0.0400,0,1.7563,0.0000,0.7821
0.0600,0,1.6756,0.0000,0.8677
0.0800,0,1.5951,0.0000,0.9492
0.1000,0,1.5148,0.0000,1.0265
0.1200,0,1.4347,0.0000,1.0997
0.1400,0,1.3549,0.0000,1.1688
0.1600,0,1.2752,0.0000,1.2337
0.1800,0,1.1958,0.0000,1.2946
0.2000,0,1.1165,0.0000,1.3514
0.2200,0,1.0375,0.0000,1.4042
0.2400,0,0.9586,0.0000,1.4529
0.2600,0,0.8798,0.0000,1.4976
0.2800,0,0.8013,0.0000,1.5382
0.3000,0,0.7229,0.0000,1.5749
0.3200,0,0.6447,0.0000,1.6075
0.3400,0,0.5667,0.0000,1.6361
0.3600,0,0.4888,0.0000,1.6608
0.3800,0,0.4110,0.0000,1.6815
0.4000,0,0.3335,0.0000,1.6982
0.4000,1,2.4933,0.0000,0.5986
0.4200,0,0.2560,0.0000,1.7110
0.4200,1,2.3869,0.0000,0.6930
0.4400,0,0.1787,0.0000,1.7198
0.4400,1,2.2809,0.0000,0.7831
0.4600,0,0.1016,0.0000,1.7247
0.4600,1,2.1753,0.0000,0.8689
0.4800,0,0.0246,0.0000,1.7257
0.4800,1,2.0701,0.0000,0.9506
0.5000,0,-0.0523,0.0000,1.7227
0.5000,1,1.9651,0.0000,1.0280
0.5200,0,-0.1290,0.0000,1.7158
0.5200,1,1.8605,0.0000,1.1013
0.5400,0,-0.2055,0.0000,1.7050
0.5400,1,1.7562,0.0000,1.1705
0.5600,0,-0.2820,0.0000,1.6903
0.5600,1,1.6523,0.0000,1.2355
0.5800,0,-0.3582,0.0000,1.6717
0.5800,1,1.5486,0.0000,1.2964
0.6000,0,-0.4344,0.0000,1.6492
0.6000,1,1.4453,0.0000,1.3532
0.6200,0,-0.5104,0.0000,1.6228
0.6200,1,1.3422,0.0000,1.4059
0.6400,0,-0.5862,0.0000,1.5926
0.6400,1,1.2394,0.0000,1.4546
0.6600,0,-0.6619,0.0000,1.5584
0.6600,1,1.1369,0.0000,1.4992
0.6800,0,-0.7374,0.0000,1.5205
0.6800,1,1.0347,0.0000,1.5397
0.7000,0,-0.8128,0.0000,1.4787
0.7000,1,0.9328,0.0000,1.5762
0.7200,0,-0.8881,0.0000,1.4330
0.7200,1,0.8311,0.0000,1.6087
0.7400,0,-0.9631,0.0000,1.3835
0.7400,1,0.7297,0.0000,1.6372
0.7600,0,-1.0380,0.0000,1.3302
0.7600,1,0.6286,0.0000,1.6617
0.7800,0,-1.1128,0.0000,1.2731
0.7800,1,0.5277,0.0000,1.6822
0.8000,0,-1.1873,0.0000,1.2123
0.8000,1,0.4270,0.0000,1.6987
0.8000,2,3.0676,0.0000,0.5990
0.8200,0,-1.2617,0.0000,1.1476
0.8200,1,0.3266,0.0000,1.7112
0.8200,2,2.9357,0.0000,0.6937
0.8400,0,-1.3359,0.0000,1.0791
0.8400,1,0.2265,0.0000,1.7198
0.8400,2,2.8043,0.0000,0.7841
0.8600,0,-1.4100,0.0000,1.0069
0.8600,1,0.1266,0.0000,1.7245
0.8600,2,2.6734,0.0000,0.8702
0.8800,0,-1.4838,0.0000,0.9310
0.8800,1,0.0269,0.0000,1.7252
0.8800,2,2.5431,0.0000,0.9521
0.9000,0,-1.5575,0.0000,0.8513
0.9000,1,-0.0725,0.0000,1.7220
0.9000,2,2.4132,0.0000,1.0297
0.9200,0,-1.6309,0.0000,0.7679
0.9200,1,-0.1717,0.0000,1.7149
0.9200,2,2.2838,0.0000,1.1031
0.9400,0,-1.7042,0.0000,0.6808
0.9400,1,-0.2706,0.0000,1.7039
0.9400,2,2.1549,0.0000,1.1723
0.9600,0,-1.7773,0.0000,0.5901
0.9600,1,-0.3693,0.0000,1.6889
0.9600,2,2.0264,0.0000,1.2374
0.9800,0,-1.8501,0.0000,0.4956
0.9800,1,-0.4678,0.0000,1.6701
0.9800,2,1.8983,0.0000,1.2983
1.0000,0,-1.9228,0.0000,0.3975
1.0000,1,-0.5660,0.0000,1.6474
1.0000,2,1.7707,0.0000,1.3551
1.0200,0,-1.9952,0.0000,0.2958
1.0200,1,-0.6640,0.0000,1.6209
1.0200,2,1.6436,0.0000,1.4078
1.0400,0,-2.0674,0.0000,0.1905
1.0400,1,-0.7617,0.0000,1.5905
1.0400,2,1.5168,0.0000,1.4563
1.0600,0,-2.1394,0.0000,0.0816
1.0600,1,-0.8592,0.0000,1.5562
1.0600,2,1.3905,0.0000,1.5008
1.0800,1,-0.9565,0.0000,1.5181
1.0800,2,1.2646,0.0000,1.5412
1.1000,1,-1.0535,0.0000,1.4762
1.1000,2,1.1391,0.0000,1.5776
1.1200,1,-1.1503,0.0000,1.4304
1.1200,2,1.0140,0.0000,1.6099
1.1400,1,-1.2468,0.0000,1.3808
1.1400,2,0.8893,0.0000,1.6382
1.1600,1,-1.3430,0.0000,1.3275
1.1600,2,0.7649,0.0000,1.6625
1.1800,1,-1.4390,0.0000,1.2704
1.1800,2,0.6410,0.0000,1.6828
1.2000,1,-1.5348,0.0000,1.2095
1.2000,2,0.5174,0.0000,1.6991
1.2000,3,3.6414,0.0000,0.5994
1.2200,1,-1.6303,0.0000,1.1448
1.2200,2,0.3942,0.0000,1.7114
1.2200,3,3.4836,0.0000,0.6945
1.2400,1,-1.7255,0.0000,1.0764
1.2400,2,0.2714,0.0000,1.7198
1.2400,3,3.3264,0.0000,0.7852
1.2600,1,-1.8204,0.0000,1.0043
1.2600,2,0.1489,0.0000,1.7242
1.2600,3,3.1699,0.0000,0.8715
1.2800,1,-1.9151,0.0000,0.9284
1.2800,2,0.0268,0.0000,1.7247
1.2800,3,3.0142,0.0000,0.9536
1.3000,1,-2.0095,0.0000,0.8489
1.3000,2,-0.0949,0.0000,1.7212
1.3000,3,2.8590,0.0000,1.0314
1.3200,1,-2.1036,0.0000,0.7657
1.3200,2,-0.2163,0.0000,1.7139
1.3200,3,2.7046,0.0000,1.1050
1.3400,1,-2.1974,0.0000,0.6788
1.3400,2,-0.3374,0.0000,1.7026
1.3400,3,2.5507,0.0000,1.1743
1.3600,1,-2.2909,0.0000,0.5882
1.3600,2,-0.4580,0.0000,1.6875
1.3600,3,2.3975,0.0000,1.2394
1.3800,1,-2.3842,0.0000,0.4940
1.3800,2,-0.5783,0.0000,1.6684
1.3800,3,2.2449,0.0000,1.3003
1.4000,1,-2.4771,0.0000,0.3962
1.4000,2,-0.6983,0.0000,1.6455
1.4000,3,2.0930,0.0000,1.3571
1.4200,1,-2.5697,0.0000,0.2948
1.4200,2,-0.8179,0.0000,1.6188
1.4200,3,1.9416,0.0000,1.4097
1.4400,1,-2.6620,0.0000,0.1898
1.4400,2,-0.9371,0.0000,1.5882
1.4400,3,1.7908,0.0000,1.4582
1.4600,1,-2.7541,0.0000,0.0812
1.4600,2,-1.0560,0.0000,1.5538
1.4600,3,1.6406,0.0000,1.5025
1.4800,2,-1.1746,0.0000,1.5155
1.4800,3,1.4909,0.0000,1.5428
1.5000,2,-1.2928,0.0000,1.4734
1.5000,3,1.3419,0.0000,1.5790
1.5200,2,-1.4106,0.0000,1.4276
1.5200,3,1.1933,0.0000,1.6112
1.5400,2,-1.5280,0.0000,1.3780
1.5400,3,1.0453,0.0000,1.6393
1.5600,2,-1.6451,0.0000,1.3245
1.5600,3,0.8979,0.0000,1.6634
1.5800,2,-1.7619,0.0000,1.2674
1.5800,3,0.7510,0.0000,1.6834
1.6000,2,-1.8782,0.0000,1.2065
1.6000,3,0.6046,0.0000,1.6995
1.6000,4,4.2148,0.0000,0.5998
1.6200,2,-1.9942,0.0000,1.1418
1.6200,3,0.4588,0.0000,1.7116
1.6200,4,4.0305,0.0000,0.6953
1.6400,2,-2.1098,0.0000,1.0735
1.6400,3,0.3134,0.0000,1.7197
1.6400,4,3.8472,0.0000,0.7863
1.6600,2,-2.2251,0.0000,1.0014
1.6600,3,0.1686,0.0000,1.7239
1.6600,4,3.6647,0.0000,0.8729
1.6800,2,-2.3399,0.0000,0.9256
1.6800,3,0.0243,0.0000,1.7241
1.6800,4,3.4832,0.0000,0.9552
1.7000,2,-2.4544,0.0000,0.8462
1.7000,3,-0.1195,0.0000,1.7204
1.7000,4,3.3025,0.0000,1.0332
1.7200,2,-2.5685,0.0000,0.7631
1.7200,3,-0.2629,0.0000,1.7128
1.7200,4,3.1227,0.0000,1.1068
1.7400,2,-2.6822,0.0000,0.6764
1.7400,3,-0.4057,0.0000,1.7013
1.7400,4,2.9438,0.0000,1.1762
1.7600,2,-2.7955,0.0000,0.5861
1.7600,3,-0.5480,0.0000,1.6860
1.7600,4,2.7656,0.0000,1.2414
1.7800,2,-2.9084,0.0000,0.4921
1.7800,3,-0.6898,0.0000,1.6667
1.7800,4,2.5883,0.0000,1.3023
1.8000,2,-3.0210,0.0000,0.3946
1.8000,3,-0.8311,0.0000,1.6436
1.8000,4,2.4118,0.0000,1.3590
1.8200,2,-3.1331,0.0000,0.2935
1.8200,3,-0.9720,0.0000,1.6166
1.8200,4,2.2361,0.0000,1.4116
1.8400,2,-3.2448,0.0000,0.1888
1.8400,3,-1.1123,0.0000,1.5858
1.8400,4,2.0612,0.0000,1.4600
1.8600,2,-3.3560,0.0000,0.0806
1.8600,3,-1.2522,0.0000,1.5512
1.8600,4,1.8870,0.0000,1.5042
1.8800,3,-1.3916,0.0000,1.5128
1.8800,4,1.7136,0.0000,1.5444
1.9000,3,-1.5305,0.0000,1.4706
1.9000,4,1.5410,0.0000,1.5804
1.9200,3,-1.6689,0.0000,1.4247
1.9200,4,1.3691,0.0000,1.6124
1.9400,3,-1.8068,0.0000,1.3749
1.9400,4,1.1979,0.0000,1.6403
1.9600,3,-1.9442,0.0000,1.3215
1.9600,4,1.0274,0.0000,1.6642
1.9800,3,-2.0811,0.0000,1.2642
1.9800,4,0.8577,0.0000,1.6840
2.0000,3,-2.2176,0.0000,1.2033
2.0000,4,0.6886,0.0000,1.6998
2.0000,5,4.7877,0.0000,0.6003
2.0200,3,-2.3535,0.0000,1.1387
2.0200,4,0.5202,0.0000,1.7117
2.0200,5,4.5766,0.0000,0.6961
2.0400,3,-2.4890,0.0000,1.0704
2.0400,4,0.3526,0.0000,1.7196
2.0400,5,4.3666,0.0000,0.7874
2.0600,3,-2.6239,0.0000,0.9984
2.0600,4,0.1856,0.0000,1.7235
2.0600,5,4.1579,0.0000,0.8743
2.0800,3,-2.7584,0.0000,0.9227
2.0800,4,0.0193,0.0000,1.7235
2.0800,5,3.9503,0.0000,0.9569
2.1000,3,-2.8923,0.0000,0.8434
2.1000,4,-0.1464,0.0000,1.7195
2.1000,5,3.7438,0.0000,1.0350
2.1200,3,-3.0258,0.0000,0.7605
2.1200,4,-0.3114,0.0000,1.7117
2.1200,5,3.5384,0.0000,1.1088
2.1400,3,-3.1587,0.0000,0.6740
2.1400,4,-0.4757,0.0000,1.6999
2.1400,5,3.3341,0.0000,1.1783
2.1600,3,-3.2911,0.0000,0.5838
2.1600,4,-0.6393,0.0000,1.6843
2.1600,5,3.1308,0.0000,1.2435
2.1800,3,-3.4231,0.0000,0.4901
2.1800,4,-0.8023,0.0000,1.6648
2.1800,5,2.9287,0.0000,1.3044
2.2000,3,-3.5545,0.0000,0.3929
2.2000,4,-0.9647,0.0000,1.6415
2.2000,5,2.7275,0.0000,1.3611
2.2200,3,-3.6853,0.0000,0.2921
2.2200,4,-1.1264,0.0000,1.6143
2.2200,5,2.5274,0.0000,1.4136
2.2400,3,-3.8157,0.0000,0.1878
2.2400,4,-1.2875,0.0000,1.5833
2.2400,5,2.3283,0.0000,1.4619
2.2600,3,-3.9455,0.0000,0.0800
2.2600,4,-1.4479,0.0000,1.5485
2.2600,5,2.1301,0.0000,1.5060
2.2800,4,-1.6077,0.0000,1.5100
2.2800,5,1.9329,0.0000,1.5460
2.3000,4,-1.7669,0.0000,1.4676
2.3000,5,1.7367,0.0000,1.5819
2.3200,4,-1.9254,0.0000,1.4215
2.3200,5,1.5415,0.0000,1.6137
2.3400,4,-2.0833,0.0000,1.3717
2.3400,5,1.3472,0.0000,1.6414
2.3600,4,-2.2406,0.0000,1.3182
2.3600,5,1.1538,0.0000,1.6650
2.3800,4,-2.3972,0.0000,1.2609
2.3800,5,0.9613,0.0000,1.6847
2.4000,4,-2.5532,0.0000,1.1999
2.4000,5,0.7697,0.0000,1.7002
2.4000,6,5.3601,0.0000,0.6008
2.4200,4,-2.7085,0.0000,1.1353
2.4200,5,0.5790,0.0000,1.7118
2.4200,6,5.1217,0.0000,0.6969
2.4400,4,-2.8633,0.0000,1.0670
2.4400,5,0.3892,0.0000,1.7195
2.4400,6,4.8847,0.0000,0.7886
2.4600,4,-3.0174,0.0000,0.9951
2.4600,5,0.2003,0.0000,1.7231
2.4600,6,4.6493,0.0000,0.8758
2.4800,4,-3.1708,0.0000,0.9195
2.4800,5,0.0122,0.0000,1.7229
2.4800,6,4.4152,0.0000,0.9585
2.5000,4,-3.3236,0.0000,0.8403
2.5000,5,-0.1750,0.0000,1.7187
2.5000,6,4.1826,0.0000,1.0368
2.5200,4,-3.4758,0.0000,0.7575
2.5200,5,-0.3614,0.0000,1.7105
2.5200,6,3.9514,0.0000,1.1108
2.5400,4,-3.6274,0.0000,0.6712
2.5400,5,-0.5469,0.0000,1.6986
2.5400,6,3.7215,0.0000,1.1803
2.5600,4,-3.7783,0.0000,0.5813
2.5600,5,-0.7316,0.0000,1.6827
2.5600,6,3.4929,0.0000,1.2455
2.5800,4,-3.9285,0.0000,0.4878
2.5800,5,-0.9154,0.0000,1.6630
2.5800,6,3.2657,0.0000,1.3065
2.6000,4,-4.0782,0.0000,0.3909
2.6000,5,-1.0985,0.0000,1.6394
2.6000,6,3.0398,0.0000,1.3631
2.6200,4,-4.2271,0.0000,0.2904
2.6200,5,-1.2807,0.0000,1.6121
2.6200,6,2.8151,0.0000,1.4155
2.6400,4,-4.3755,0.0000,0.1864
2.6400,5,-1.4621,0.0000,1.5809
2.6400,6,2.5917,0.0000,1.4637
2.6600,4,-4.5231,0.0000,0.0790
2.6600,5,-1.6427,0.0000,1.5459
2.6600,6,2.3695,0.0000,1.5077
2.6800,5,-1.8225,0.0000,1.5072
2.6800,6,2.1486,0.0000,1.5476
2.7000,5,-2.0015,0.0000,1.4647
2.7000,6,1.9288,0.0000,1.5833
2.7200,5,-2.1796,0.0000,1.4185
2.7200,6,1.7103,0.0000,1.6149
2.7400,5,-2.3570,0.0000,1.3686
2.7400,6,1.4929,0.0000,1.6424
2.7600,5,-2.5336,0.0000,1.3150
2.7600,6,1.2766,0.0000,1.6658
2.7800,5,-2.7095,0.0000,1.2576
2.7800,6,1.0615,0.0000,1.6852
2.8000,5,-2.8845,0.0000,1.1967
2.8000,6,0.8476,0.0000,1.7005
2.8000,7,5.9320,0.0000,0.6012
2.8200,5,-3.0587,0.0000,1.1320
2.8200,6,0.6347,0.0000,1.7119
2.8200,7,5.6658,0.0000,0.6978
2.8400,5,-3.2322,0.0000,1.0638
2.8400,6,0.4229,0.0000,1.7192
2.8400,7,5.4015,0.0000,0.7898
2.8600,5,-3.4048,0.0000,0.9919
2.8600,6,0.2123,0.0000,1.7226
2.8600,7,5.1390,0.0000,0.8773
2.8800,5,-3.5767,0.0000,0.9164
2.8800,6,0.0027,0.0000,1.7221
2.8800,7,4.8782,0.0000,0.9602
2.9000,5,-3.7478,0.0000,0.8373
2.9000,6,-0.2059,0.0000,1.7176
2.9000,7,4.6191,0.0000,1.0387
2.9200,5,-3.9182,0.0000,0.7547
2.9200,6,-0.4134,0.0000,1.7093
2.9200,7,4.3618,0.0000,1.1128
2.9400,5,-4.0877,0.0000,0.6685
2.9400,6,-0.6198,0.0000,1.6970
2.9400,7,4.1061,0.0000,1.1824
2.9600,5,-4.2565,0.0000,0.5789
2.9600,6,-0.8252,0.0000,1.6809
2.9600,7,3.8521,0.0000,1.2477
2.9800,5,-4.4245,0.0000,0.4856
2.9800,6,-1.0296,0.0000,1.6610
2.9800,7,3.5996,0.0000,1.3086
3.0000,5,-4.5917,0.0000,0.3890
3.0000,6,-1.2329,0.0000,1.6372
3.0000,7,3.3488,0.0000,1.3652
3.0200,5,-4.7581,0.0000,0.2888
3.0200,6,-1.4353,0.0000,1.6096
3.0200,7,3.0995,0.0000,1.4175
3.0400,5,-4.9237,0.0000,0.1852
3.0400,6,-1.6367,0.0000,1.5782
3.0400,7,2.8518,0.0000,1.4656
3.0600,5,-5.0886,0.0000,0.0781
3.0600,6,-1.8370,0.0000,1.5431
3.0600,7,2.6056,0.0000,1.5095
3.0800,6,-2.0364,0.0000,1.5042
3.0800,7,2.3608,0.0000,1.5492
3.1000,6,-2.2348,0.0000,1.4616
3.1000,7,2.1176,0.0000,1.5847
3.1200,6,-2.4322,0.0000,1.4152
3.1200,7,1.8758,0.0000,1.6161
3.1400,6,-2.6286,0.0000,1.3652
3.1400,7,1.6354,0.0000,1.6434
3.1600,6,-2.8241,0.0000,1.3115
3.1600,7,1.3964,0.0000,1.6666
3.1800,6,-3.0186,0.0000,1.2541
3.1800,7,1.1588,0.0000,1.6857
3.2000,6,-3.2122,0.0000,1.1931
3.2000,7,0.9226,0.0000,1.7008
3.2000,8,6.5034,0.0000,0.6017
3.2200,6,-3.4048,0.0000,1.1285
3.2200,7,0.6877,0.0000,1.7119
3.2200,8,6.2090,0.0000,0.6987
3.2400,6,-3.5965,0.0000,1.0602
3.2400,7,0.4542,0.0000,1.7190
3.2400,8,5.9169,0.0000,0.7911
3.2600,6,-3.7872,0.0000,0.9884
3.2600,7,0.2220,0.0000,1.7222
3.2600,8,5.6269,0.0000,0.8788
3.2800,6,-3.9770,0.0000,0.9130
3.2800,7,-0.0089,0.0000,1.7214
3.2800,8,5.3390,0.0000,0.9620
3.3000,6,-4.1658,0.0000,0.8340
3.3000,7,-0.2385,0.0000,1.7166
3.3000,8,5.0533,0.0000,1.0406
3.3200,6,-4.3537,0.0000,0.7516
3.3200,7,-0.4668,0.0000,1.7080
3.3200,8,4.7695,0.0000,1.1148
3.3400,6,-4.5407,0.0000,0.6656
3.3400,7,-0.6939,0.0000,1.6955
3.3400,8,4.4878,0.0000,1.1845
3.3600,6,-4.7268,0.0000,0.5761
3.3600,7,-0.9197,0.0000,1.6792
3.3600,8,4.2081,0.0000,1.2498
3.3800,6,-4.9119,0.0000,0.4831
3.3800,7,-1.1442,0.0000,1.6590
3.3800,8,3.9303,0.0000,1.3107
3.4000,6,-5.0960,0.0000,0.3867
3.4000,7,-1.3676,0.0000,1.6350
3.4000,8,3.6545,0.0000,1.3673
3.4200,6,-5.2793,0.0000,0.2868
3.4200,7,-1.5897,0.0000,1.6072
3.4200,8,3.3805,0.0000,1.4195
3.4400,6,-5.4616,0.0000,0.1835
3.4400,7,-1.8106,0.0000,1.5756
3.4400,8,3.1084,0.0000,1.4675
3.4600,6,-5.6430,0.0000,0.0768
3.4600,7,-2.0304,0.0000,1.5403
3.4600,8,2.8381,0.0000,1.5113
3.4800,7,-2.2489,0.0000,1.5013
3.4800,8,2.5696,0.0000,1.5508
3.5000,7,-2.4663,0.0000,1.4585
3.5000,8,2.3028,0.0000,1.5861
3.5200,7,-2.6825,0.0000,1.4120
3.5200,8,2.0378,0.0000,1.6173
3.5400,7,-2.8975,0.0000,1.3619
3.5400,8,1.7745,0.0000,1.6444
3.5600,7,-3.1114,0.0000,1.3081
3.5600,8,1.5129,0.0000,1.6673
3.5800,7,-3.3242,0.0000,1.2507
3.5800,8,1.2530,0.0000,1.6862
3.6000,7,-3.5358,0.0000,1.1896
3.6000,8,0.9947,0.0000,1.7011
3.6000,9,7.0743,0.0000,0.6022
3.6200,7,-3.7463,0.0000,1.1250
3.6200,8,0.7380,0.0000,1.7119
3.6200,9,6.7512,0.0000,0.6996
3.6400,7,-3.9557,0.0000,1.0568
3.6400,8,0.4829,0.0000,1.7187
3.6400,9,6.4308,0.0000,0.7923
3.6600,7,-4.1639,0.0000,0.9850
3.6600,8,0.2294,0.0000,1.7216
3.6600,9,6.1130,0.0000,0.8803
3.6800,7,-4.3710,0.0000,0.9096
3.6800,8,-0.0226,0.0000,1.7206
3.6800,9,5.7977,0.0000,0.9637
3.7000,7,-4.5771,0.0000,0.8308
3.7000,8,-0.2730,0.0000,1.7156
3.7000,9,5.4849,0.0000,1.0425
3.7200,7,-4.7820,0.0000,0.7485
3.7200,8,-0.5219,0.0000,1.7067
3.7200,9,5.1746,0.0000,1.1168
3.7400,7,-4.9858,0.0000,0.6626
3.7400,8,-0.7693,0.0000,1.6939
3.7400,9,4.8666,0.0000,1.1866
3.7600,7,-5.1886,0.0000,0.5733
3.7600,8,-1.0152,0.0000,1.6774
3.7600,9,4.5610,0.0000,1.2519
3.7800,7,-5.3902,0.0000,0.4806
3.7800,8,-1.2596,0.0000,1.6569
3.7800,9,4.2578,0.0000,1.3128
3.8000,7,-5.5908,0.0000,0.3844
3.8000,8,-1.5026,0.0000,1.6327
3.8000,9,3.9568,0.0000,1.3693
3.8200,7,-5.7903,0.0000,0.2848
3.8200,8,-1.7442,0.0000,1.6047
3.8200,9,3.6580,0.0000,1.4215
3.8400,7,-5.9887,0.0000,0.1819
3.8400,8,-1.9843,0.0000,1.5729
3.8400,9,3.3614,0.0000,1.4693
3.8600,7,-6.1860,0.0000,0.0756
3.8600,8,-2.2230,0.0000,1.5374
3.8600,9,3.0670,0.0000,1.5129
3.8800,8,-2.4603,0.0000,1.4982
3.8800,9,2.7747,0.0000,1.5523
3.9000,8,-2.6963,0.0000,1.4553
3.9000,9,2.4845,0.0000,1.5874
3.9200,8,-2.9308,0.0000,1.4087
3.9200,9,2.1963,0.0000,1.6184
3.9400,8,-3.1640,0.0000,1.3585
3.9400,9,1.9102,0.0000,1.6453
3.9600,8,-3.3959,0.0000,1.3046
3.9600,9,1.6261,0.0000,1.6680
3.9800,8,-3.6264,0.0000,1.2471
3.9800,9,1.3439,0.0000,1.6866
4.0000,8,-3.8556,0.0000,1.1860
4.0000,9,1.0637,0.0000,1.7012
4.0200,8,-4.0835,0.0000,1.1214
4.0200,9,0.7853,0.0000,1.7118
4.0200,10,7.6731,0.0000,0.6027
4.0400,8,-4.3101,0.0000,1.0532
4.0400,9,0.5089,0.0000,1.7184
4.0400,10,7.3195,0.0000,0.7006
4.0600,8,-4.5354,0.0000,0.9814
4.0600,9,0.2343,0.0000,1.7210
4.0600,10,6.9689,0.0000,0.7936
4.0800,8,-4.7593,0.0000,0.9062
4.0800,9,-0.0385,0.0000,1.7196
4.0800,10,6.6215,0.0000,0.8819
4.1000,8,-4.9820,0.0000,0.8274
4.1000,9,-0.3095,0.0000,1.7144
4.1000,10,6.2771,0.0000,0.9656
4.1200,8,-5.2035,0.0000,0.7452
4.1200,9,-0.5787,0.0000,1.7052
4.1200,10,5.9356,0.0000,1.0446
4.1400,8,-5.4236,0.0000,0.6595
4.1400,9,-0.8461,0.0000,1.6922
4.1400,10,5.5970,0.0000,1.1189
4.1600,8,-5.6425,0.0000,0.5704
4.1600,9,-1.1118,0.0000,1.6754
4.1600,10,5.2613,0.0000,1.1888
4.1800,8,-5.8602,0.0000,0.4779
4.1800,9,-1.3758,0.0000,1.6547
4.1800,10,4.9284,0.0000,1.2541
4.2000,8,-6.0766,0.0000,0.3820
4.2000,9,-1.6381,0.0000,1.6303
4.2000,10,4.5982,0.0000,1.3150
4.2200,8,-6.2917,0.0000,0.2827
4.2200,9,-1.8987,0.0000,1.6021
4.2200,10,4.2707,0.0000,1.3715
4.2400,8,-6.5057,0.0000,0.1801
4.2400,9,-2.1577,0.0000,1.5701
4.2400,10,3.9458,0.0000,1.4235
4.2600,8,-6.7184,0.0000,0.0741
4.2600,9,-2.4150,0.0000,1.5344
4.2600,10,3.6235,0.0000,1.4713
4.2800,9,-2.6708,0.0000,1.4950
4.2800,10,3.3037,0.0000,1.5147
4.3000,9,-2.9249,0.0000,1.4520
4.3000,10,2.9865,0.0000,1.5539
4.3200,9,-3.1774,0.0000,1.4053
4.3200,10,2.6717,0.0000,1.5888
4.3400,9,-3.4284,0.0000,1.3549
4.3400,10,2.3593,0.0000,1.6196
4.3600,9,-3.6777,0.0000,1.3009
4.3600,10,2.0493,0.0000,1.6462
4.3800,9,-3.9256,0.0000,1.2434
4.3800,10,1.7417,0.0000,1.6687
4.4000,9,-4.1719,0.0000,1.1823
4.4000,10,1.4363,0.0000,1.6871
4.4200,9,-4.4167,0.0000,1.1176
4.4200,10,1.1332,0.0000,1.7014
4.4400,9,-4.6601,0.0000,1.0494
4.4400,10,0.8323,0.0000,1.7117
4.4400,11,8.2714,0.0000,0.6032
4.4600,9,-4.9019,0.0000,0.9777
4.4600,10,0.5337,0.0000,1.7180
4.4600,11,7.8866,0.0000,0.7015
4.4800,9,-5.1422,0.0000,0.9025
4.4800,10,0.2371,0.0000,1.7203
4.4800,11,7.5055,0.0000,0.7950
4.5000,9,-5.3811,0.0000,0.8238
4.5000,10,-0.0572,0.0000,1.7187
4.5000,11,7.1280,0.0000,0.8836
4.5200,9,-5.6185,0.0000,0.7417
4.5200,10,-0.3495,0.0000,1.7132
4.5200,11,6.7540,0.0000,0.9674
4.5400,9,-5.8545,0.0000,0.6562
4.5400,10,-0.6397,0.0000,1.7037
4.5400,11,6.3835,0.0000,1.0466
4.5600,9,-6.0890,0.0000,0.5673
4.5600,10,-0.9279,0.0000,1.6905
4.5600,11,6.0164,0.0000,1.1211
4.5800,9,-6.3222,0.0000,0.4750
4.5800,10,-1.2141,0.0000,1.6734
4.5800,11,5.6527,0.0000,1.1910
4.6000,9,-6.5539,0.0000,0.3793
4.6000,10,-1.4983,0.0000,1.6525
4.6000,11,5.2922,0.0000,1.2563
4.6200,9,-6.7842,0.0000,0.2803
4.6200,10,-1.7805,0.0000,1.6278
4.6200,11,4.9349,0.0000,1.3172
4.6400,9,-7.0131,0.0000,0.1779
4.6400,10,-2.0607,0.0000,1.5993
4.6400,11,4.5808,0.0000,1.3736
4.6600,9,-7.2406,0.0000,0.0723
4.6600,10,-2.3391,0.0000,1.5672
4.6600,11,4.2297,0.0000,1.4256
4.6800,10,-2.6156,0.0000,1.5313
4.6800,11,3.8817,0.0000,1.4732
4.7000,10,-2.8902,0.0000,1.4917
4.7000,11,3.5366,0.0000,1.5165
4.7200,10,-3.1630,0.0000,1.4485
4.7200,11,3.1944,0.0000,1.5554
4.7400,10,-3.4339,0.0000,1.4016
4.7400,11,2.8550,0.0000,1.5902
4.7600,10,-3.7030,0.0000,1.3512
4.7600,11,2.5185,0.0000,1.6207
4.7800,10,-3.9704,0.0000,1.2971
4.7800,11,2.1847,0.0000,1.6471
4.8000,10,-4.2359,0.0000,1.2395
4.8000,11,1.8537,0.0000,1.6693
4.8200,10,-4.4998,0.0000,1.1783
4.8200,11,1.5253,0.0000,1.6874
4.8400,10,-4.7619,0.0000,1.1137
4.8400,11,1.1995,0.0000,1.7014
4.8600,10,-5.0223,0.0000,1.0455
4.8600,11,0.8763,0.0000,1.7115
4.8600,12,8.8691,0.0000,0.6038
4.8800,10,-5.2810,0.0000,0.9738
4.8800,11,0.5556,0.0000,1.7175
4.8800,12,8.4526,0.0000,0.7025
4.9000,10,-5.5380,0.0000,0.8987
4.9000,11,0.2374,0.0000,1.7195
4.9000,12,8.0404,0.0000,0.7963
4.9200,10,-5.7933,0.0000,0.8201
4.9200,11,-0.0783,0.0000,1.7176
4.9200,12,7.6324,0.0000,0.8852
4.9400,10,-6.0470,0.0000,0.7381
4.9400,11,-0.3916,0.0000,1.7118
4.9400,12,7.2286,0.0000,0.9693
4.9600,10,-6.2990,0.0000,0.6528
4.9600,11,-0.7026,0.0000,1.7021
4.9600,12,6.8288,0.0000,1.0486
4.9800,10,-6.5495,0.0000,0.5640
4.9800,11,-1.0112,0.0000,1.6886
4.9800,12,6.4329,0.0000,1.1233
5.0000,10,-6.7983,0.0000,0.4719
5.0000,11,-1.3175,0.0000,1.6712
5.0000,12,6.0409,0.0000,1.1932
5.0200,10,-7.0455,0.0000,0.3765
5.0200,11,-1.6215,0.0000,1.6500
5.0200,12,5.6527,0.0000,1.2586
5.0400,10,-7.2911,0.0000,0.2777
5.0400,11,-1.9233,0.0000,1.6251
5.0400,12,5.2682,0.0000,1.3194
5.0600,10,-7.5352,0.0000,0.1757
5.0600,11,-2.2228,0.0000,1.5964
5.0600,12,4.8873,0.0000,1.3757
5.0800,10,-7.7777,0.0000,0.0704
5.0800,11,-2.5202,0.0000,1.5641
5.0800,12,4.5100,0.0000,1.4276
5.1000,11,-2.8154,0.0000,1.5280
5.1000,12,4.1362,0.0000,1.4751
5.1200,11,-3.1085,0.0000,1.4883
5.1200,12,3.7657,0.0000,1.5182
5.1400,11,-3.3995,0.0000,1.4449
5.1400,12,3.3986,0.0000,1.5570
5.1600,11,-3.6884,0.0000,1.3979
5.1600,12,3.0348,0.0000,1.5915
5.1800,11,-3.9753,0.0000,1.3473
5.1800,12,2.6743,0.0000,1.6218
5.2000,11,-4.2601,0.0000,1.2932
5.2000,12,2.3168,0.0000,1.6479
5.2200,11,-4.5430,0.0000,1.2355
5.2200,12,1.9625,0.0000,1.6699
5.2400,11,-4.8238,0.0000,1.1743
5.2400,12,1.6112,0.0000,1.6878
5.2600,11,-5.1027,0.0000,1.1095
5.2600,12,1.2630,0.0000,1.7015
5.2800,11,-5.3797,0.0000,1.0414
5.2800,12,0.9176,0.0000,1.7113
5.2800,13,9.4962,0.0000,0.6041
5.3000,11,-5.6548,0.0000,0.9697
5.3000,12,0.5752,0.0000,1.7170
5.3000,13,9.0768,0.0000,0.7031
5.3200,11,-5.9279,0.0000,0.8947
5.3200,12,0.2356,0.0000,1.7187
5.3200,13,8.6618,0.0000,0.7972
5.3400,11,-6.1992,0.0000,0.8162
5.3400,12,-0.1013,0.0000,1.7166
5.3400,13,8.2511,0.0000,0.8863
5.3600,11,-6.4687,0.0000,0.7343
5.3600,12,-0.4353,0.0000,1.7105
5.3600,13,7.8446,0.0000,0.9707
5.3800,11,-6.7363,0.0000,0.6491
5.3800,12,-0.7667,0.0000,1.7005
5.3800,13,7.4422,0.0000,1.0502
5.4000,11,-7.0020,0.0000,0.5605
5.4000,12,-1.0954,0.0000,1.6867
5.4000,13,7.0437,0.0000,1.1251
5.4200,11,-7.2660,0.0000,0.4686
5.4200,12,-1.4215,0.0000,1.6691
5.4200,13,6.6492,0.0000,1.1953
5.4400,11,-7.5282,0.0000,0.3734
5.4400,12,-1.7450,0.0000,1.6477
5.4400,13,6.2585,0.0000,1.2609
5.4600,11,-7.7886,0.0000,0.2749
5.4600,12,-2.0659,0.0000,1.6225
5.4600,13,5.8716,0.0000,1.3219
5.4800,11,-8.0473,0.0000,0.1732
5.4800,12,-2.3844,0.0000,1.5936
5.4800,13,5.4883,0.0000,1.3785
5.5000,11,-8.3042,0.0000,0.0682
5.5000,12,-2.7004,0.0000,1.5610
5.5000,13,5.1087,0.0000,1.4306
5.5200,12,-3.0139,0.0000,1.5247
5.5200,13,4.7325,0.0000,1.4782
5.5400,12,-3.3251,0.0000,1.4848
5.5400,13,4.3598,0.0000,1.5215
5.5600,12,-3.6339,0.0000,1.4413
5.5600,13,3.9905,0.0000,1.5605
5.5800,12,-3.9404,0.0000,1.3942
5.5800,13,3.6245,0.0000,1.5953
5.6000,12,-4.2445,0.0000,1.3435
5.6000,13,3.2618,0.0000,1.6258
5.6200,12,-4.5464,0.0000,1.2892
5.6200,13,2.9023,0.0000,1.6520
5.6400,12,-4.8461,0.0000,1.2315
5.6400,13,2.5459,0.0000,1.6742
5.6600,12,-5.1435,0.0000,1.1702
5.6600,13,2.1926,0.0000,1.6922
5.6800,12,-5.4388,0.0000,1.1055
5.6800,13,1.8423,0.0000,1.7062
5.7000,12,-5.7318,0.0000,1.0373
5.7000,13,1.4950,0.0000,1.7161
5.7000,14,10.1264,0.0000,0.6048
5.7200,12,-6.0228,0.0000,0.9657
5.7200,13,1.1507,0.0000,1.7220
5.7200,14,9.7072,0.0000,0.7046
5.7400,12,-6.3116,0.0000,0.8907
5.7400,13,0.8092,0.0000,1.7239
5.7400,14,9.2924,0.0000,0.7995
5.7600,12,-6.5984,0.0000,0.8123
5.7600,13,0.4705,0.0000,1.7219
5.7600,14,8.8819,0.0000,0.8894
5.7800,12,-6.8830,0.0000,0.7305
5.7800,13,0.1346,0.0000,1.7159
5.7800,14,8.4755,0.0000,0.9745
5.8000,12,-7.1657,0.0000,0.6454
5.8000,13,-0.1986,0.0000,1.7061
5.8000,14,8.0733,0.0000,1.0548
5.8200,12,-7.4463,0.0000,0.5570
5.8200,13,-0.5291,0.0000,1.6925
5.8200,14,7.6750,0.0000,1.1304
5.8400,12,-7.7249,0.0000,0.4653
5.8400,13,-0.8569,0.0000,1.6750
5.8400,14,7.2807,0.0000,1.2013
5.8600,12,-8.0016,0.0000,0.3703
5.8600,13,-1.1821,0.0000,1.6538
5.8600,14,6.8902,0.0000,1.2676
5.8800,12,-8.2762,0.0000,0.2721
5.8800,13,-1.5048,0.0000,1.6288
5.8800,14,6.5034,0.0000,1.3294
5.9000,12,-8.5490,0.0000,0.1706
5.9000,13,-1.8249,0.0000,1.6001
5.9000,14,6.1203,0.0000,1.3866
5.9200,12,-8.8198,0.0000,0.0660
5.9200,13,-2.1425,0.0000,1.5676
5.9200,14,5.7408,0.0000,1.4394
5.9400,13,-2.4577,0.0000,1.5315
5.9400,14,5.3648,0.0000,1.4878
5.9600,13,-2.7704,0.0000,1.4918
5.9600,14,4.9923,0.0000,1.5318
5.9800,13,-3.0808,0.0000,1.4484
5.9800,14,4.6231,0.0000,1.5715
6.0000,13,-3.3888,0.0000,1.4015
6.0000,14,4.2573,0.0000,1.6069
6.0200,13,-3.6945,0.0000,1.3509
6.0200,14,3.8947,0.0000,1.6380
6.0400,13,-3.9979,0.0000,1.2969
6.0400,14,3.5353,0.0000,1.6650
6.0600,13,-4.2990,0.0000,1.2393
6.0600,14,3.1791,0.0000,1.6878
6.0800,13,-4.5979,0.0000,1.1782
6.0800,14,2.8260,0.0000,1.7064
6.1000,13,-4.8946,0.0000,1.1136
6.1000,14,2.4758,0.0000,1.7210
6.1200,13,-5.1891,0.0000,1.0456
6.1200,14,2.1287,0.0000,1.7316
6.1200,15,10.7567,0.0000,0.6061
6.1400,13,-5.4814,0.0000,0.9741
6.1400,14,1.7844,0.0000,1.7381
6.1400,15,10.3378,0.0000,0.7071
6.1600,13,-5.7716,0.0000,0.8993
6.1600,14,1.4431,0.0000,1.7407
6.1600,15,9.9233,0.0000,0.8031
6.1800,13,-6.0597,0.0000,0.8211
6.1800,14,1.1045,0.0000,1.7393
6.1800,15,9.5130,0.0000,0.8943
6.2000,13,-6.3457,0.0000,0.7395
6.2000,14,0.7688,0.0000,1.7340
6.2000,15,9.1070,0.0000,0.9806
6.2200,13,-6.6297,0.0000,0.6546
6.2200,14,0.4357,0.0000,1.7248
6.2200,15,8.7050,0.0000,1.0621
6.2400,13,-6.9116,0.0000,0.5663
6.2400,14,0.1054,0.0000,1.7117
6.2400,15,8.3070,0.0000,1.1388
6.2600,13,-7.1915,0.0000,0.4748
6.2600,14,-0.2223,0.0000,1.6949
6.2600,15,7.9130,0.0000,1.2109
6.2800,13,-7.4694,0.0000,0.3800
6.2800,14,-0.5474,0.0000,1.6742
6.2800,15,7.5227,0.0000,1.2784
6.3000,13,-7.7453,0.0000,0.2820
6.3000,14,-0.8700,0.0000,1.6498
6.3000,15,7.1362,0.0000,1.3412
6.3200,13,-8.0193,0.0000,0.1807
6.3200,14,-1.1900,0.0000,1.6217
6.3200,15,6.7534,0.0000,1.3996
6.3400,13,-8.2913,0.0000,0.0762
6.3400,14,-1.5075,0.0000,1.5899
6.3400,15,6.3742,0.0000,1.4535
6.3600,14,-1.8225,0.0000,1.5543
6.3600,15,5.9984,0.0000,1.5030
6.3800,14,-2.1352,0.0000,1.5152
6.3800,15,5.6262,0.0000,1.5481
6.4000,14,-2.4454,0.0000,1.4724
6.4000,15,5.2573,0.0000,1.5888
6.4200,14,-2.7533,0.0000,1.4260
6.4200,15,4.8917,0.0000,1.6253
6.4400,14,-3.0589,0.0000,1.3760
6.4400,15,4.5294,0.0000,1.6575
6.4600,14,-3.3622,0.0000,1.3225
6.4600,15,4.1702,0.0000,1.6855
6.4800,14,-3.6632,0.0000,1.2654
6.4800,15,3.8142,0.0000,1.7094
6.5000,14,-3.9620,0.0000,1.2049
6.5000,15,3.4613,0.0000,1.7291
6.5200,14,-4.2586,0.0000,1.1409
6.5200,15,3.1114,0.0000,1.7447
6.5400,14,-4.5530,0.0000,1.0734
6.5400,15,2.7645,0.0000,1.7563
6.5400,16,11.3871,0.0000,0.6077
6.5600,14,-4.8452,0.0000,1.0025
6.5600,15,2.4205,0.0000,1.7638
6.5600,16,10.9686,0.0000,0.7104
6.5800,14,-5.1353,0.0000,0.9282
6.5800,15,2.0793,0.0000,1.7673
6.5800,16,10.5545,0.0000,0.8081
6.6000,14,-5.4233,0.0000,0.8505
6.6000,15,1.7410,0.0000,1.7669
6.6000,16,10.1446,0.0000,0.9008
6.6200,14,-5.7093,0.0000,0.7694
6.6200,15,1.4055,0.0000,1.7626
6.6200,16,9.7390,0.0000,0.9887
6.6400,14,-5.9932,0.0000,0.6850
6.6400,15,1.0726,0.0000,1.7544
6.6400,16,9.3374,0.0000,1.0717
6.6600,14,-6.2750,0.0000,0.5973
6.6600,15,0.7425,0.0000,1.7424
6.6600,16,8.9398,0.0000,1.1500
6.6800,14,-6.5548,0.0000,0.5063
6.6800,15,0.4150,0.0000,1.7265
6.6800,16,8.5461,0.0000,1.2237
6.7000,14,-6.8326,0.0000,0.4120
6.7000,15,0.0901,0.0000,1.7068
6.7000,16,8.1562,0.0000,1.2926
6.7200,14,-7.1085,0.0000,0.3144
6.7200,15,-0.2322,0.0000,1.6833
6.7200,16,7.7701,0.0000,1.3570
6.7400,14,-7.3824,0.0000,0.2137
6.7400,15,-0.5520,0.0000,1.6561
6.7400,16,7.3876,0.0000,1.4169
6.7600,14,-7.6543,0.0000,0.1097
6.7600,15,-0.8694,0.0000,1.6252
6.7600,16,7.0087,0.0000,1.4723
6.7800,14,-7.9244,0.0000,0.0025
6.7800,15,-1.1842,0.0000,1.5906
6.7800,16,6.6334,0.0000,1.5232
6.8000,15,-1.4967,0.0000,1.5523
6.8000,16,6.2614,0.0000,1.5697
6.8200,15,-1.8068,0.0000,1.5105
6.8200,16,5.8929,0.0000,1.6119
6.8400,15,-2.1145,0.0000,1.4650
6.8400,16,5.5276,0.0000,1.6498
6.8600,15,-2.4199,0.0000,1.4159
6.8600,16,5.1657,0.0000,1.6835
6.8800,15,-2.7230,0.0000,1.3633
6.8800,16,4.8069,0.0000,1.7129
6.9000,15,-3.0239,0.0000,1.3071
6.9000,16,4.4512,0.0000,1.7381
6.9200,15,-3.3225,0.0000,1.2474
6.9200,16,4.0986,0.0000,1.7592
6.9400,15,-3.6189,0.0000,1.1843
6.9400,16,3.7490,0.0000,1.7762
6.9600,15,-3.9132,0.0000,1.1176
6.9600,16,3.4024,0.0000,1.7891
6.9600,17,12.0176,0.0000,0.6098
6.9800,15,-4.2053,0.0000,1.0476
6.9800,16,3.0587,0.0000,1.7980
6.9800,17,11.5996,0.0000,0.7144
7.0000,15,-4.4952,0.0000,0.9741
7.0000,16,2.7178,0.0000,1.8029
7.0000,17,11.1860,0.0000,0.8141
7.0200,15,-4.7831,0.0000,0.8973
7.0200,16,2.3798,0.0000,1.8038
7.0200,17,10.7766,0.0000,0.9088
7.0400,15,-5.0689,0.0000,0.8170
7.0400,16,2.0445,0.0000,1.8008
7.0400,17,10.3715,0.0000,0.9986
7.0600,15,-5.3526,0.0000,0.7335
7.0600,16,1.7120,0.0000,1.7939
7.0600,17,9.9703,0.0000,1.0836
7.0800,15,-5.6343,0.0000,0.6466
7.0800,16,1.3821,0.0000,1.7831
7.0800,17,9.5732,0.0000,1.1638
7.1000,15,-5.9140,0.0000,0.5564
7.1000,16,1.0549,0.0000,1.7685
7.1000,17,9.1800,0.0000,1.2393
7.1200,15,-6.1917,0.0000,0.4629
7.1200,16,0.7303,0.0000,1.7501
7.1200,17,8.7906,0.0000,1.3102
7.1400,15,-6.4675,0.0000,0.3661
7.1400,16,0.4082,0.0000,1.7279
7.1400,17,8.4049,0.0000,1.3764
7.1600,15,-6.7412,0.0000,0.2661
7.1600,16,0.0887,0.0000,1.7020
7.1600,17,8.0229,0.0000,1.4381
7.1800,15,-7.0131,0.0000,0.1629
7.1800,16,-0.2284,0.0000,1.6723
7.1800,17,7.6444,0.0000,1.4953
7.2000,15,-7.2830,0.0000,0.0565
7.2000,16,-0.5430,0.0000,1.6389
7.2000,17,7.2695,0.0000,1.5481
7.2200,16,-0.8552,0.0000,1.6019
7.2200,17,6.8980,0.0000,1.5964
7.2400,16,-1.1651,0.0000,1.5612
7.2400,17,6.5299,0.0000,1.6404
7.2600,16,-1.4725,0.0000,1.5169
7.2600,17,6.1651,0.0000,1.6800
7.2800,16,-1.7777,0.0000,1.4690
7.2800,17,5.8035,0.0000,1.7154
7.3000,16,-2.0806,0.0000,1.4176
7.3000,17,5.4451,0.0000,1.7466
7.3200,16,-2.3812,0.0000,1.3626
7.3200,17,5.0899,0.0000,1.7735
7.3400,16,-2.6796,0.0000,1.3041
7.3400,17,4.7377,0.0000,1.7963
7.3600,16,-2.9759,0.0000,1.2421
7.3600,17,4.3885,0.0000,1.8150
7.3800,16,-3.2699,0.0000,1.1766
7.3800,17,4.0422,0.0000,1.8296
7.3800,18,12.6482,0.0000,0.6122
7.4000,16,-3.5618,0.0000,1.1077
7.4000,17,3.6989,0.0000,1.8401
7.4000,18,12.2308,0.0000,0.7192
7.4200,16,-3.8516,0.0000,1.0354
7.4200,17,3.3585,0.0000,1.8466
7.4200,18,11.8178,0.0000,0.8212
7.4400,16,-4.1392,0.0000,0.9596
7.4400,17,3.0208,0.0000,1.8492
7.4400,18,11.4090,0.0000,0.9182
7.4600,16,-4.4248,0.0000,0.8805
7.4600,17,2.6859,0.0000,1.8478
7.4600,18,11.0044,0.0000,1.0103
7.4800,16,-4.7084,0.0000,0.7980
7.4800,17,2.3537,0.0000,1.8425
7.4800,18,10.6039,0.0000,1.0976
7.5000,16,-4.9899,0.0000,0.7122
7.5000,17,2.0242,0.0000,1.8333
7.5000,18,10.2074,0.0000,1.1801
7.5200,16,-5.2694,0.0000,0.6231
7.5200,17,1.6973,0.0000,1.8203
7.5200,18,9.8147,0.0000,1.2578
7.5400,16,-5.5470,0.0000,0.5307
7.5400,17,1.3730,0.0000,1.8034
7.5400,18,9.4258,0.0000,1.3309
7.5600,16,-5.8225,0.0000,0.4350
7.5600,17,1.0513,0.0000,1.7828
7.5600,18,9.0407,0.0000,1.3993
7.5800,16,-6.0962,0.0000,0.3361
7.5800,17,0.7321,0.0000,1.7583
7.5800,18,8.6592,0.0000,1.4632
7.6000,16,-6.3678,0.0000,0.2339
7.6000,17,0.4153,0.0000,1.7302
7.6000,18,8.2813,0.0000,1.5225
7.6200,16,-6.6376,0.0000,0.1286
7.6200,17,0.1010,0.0000,1.6983
7.6200,18,7.9069,0.0000,1.5774
7.6400,16,-6.9055,0.0000,0.0200
7.6400,17,-0.2109,0.0000,1.6628
7.6400,18,7.5360,0.0000,1.6278
7.6600,17,-0.5204,0.0000,1.6236
7.6600,18,7.1684,0.0000,1.6739
7.6800,17,-0.8276,0.0000,1.5808
7.6800,18,6.8041,0.0000,1.7156
7.7000,17,-1.1325,0.0000,1.5344
7.7000,18,6.4430,0.0000,1.7530
7.7200,17,-1.4351,0.0000,1.4844
7.7200,18,6.0851,0.0000,1.7862
7.7400,17,-1.7354,0.0000,1.4308
7.7400,18,5.7303,0.0000,1.8152
7.7600,17,-2.0336,0.0000,1.3738
7.7600,18,5.3786,0.0000,1.8400
7.7800,17,-2.3295,0.0000,1.3132
7.7800,18,5.0299,0.0000,1.8606
7.8000,17,-2.6233,0.0000,1.2491
7.8000,18,4.6841,0.0000,1.8772
7.8000,19,13.2789,0.0000,0.6149
7.8200,17,-2.9149,0.0000,1.1816
7.8200,18,4.3413,0.0000,1.8897
7.8200,19,12.8622,0.0000,0.7246
7.8400,17,-3.2044,0.0000,1.1107
7.8400,18,4.0012,0.0000,1.8981
7.8400,19,12.4499,0.0000,0.8292
7.8600,17,-3.4919,0.0000,1.0363
7.8600,18,3.6640,0.0000,1.9026
7.8600,19,12.0418,0.0000,0.9289
7.8800,17,-3.7772,0.0000,0.9585
7.8800,18,3.3296,0.0000,1.9031
7.8800,19,11.6379,0.0000,1.0236
7.9000,17,-4.0606,0.0000,0.8774
7.9000,18,2.9978,0.0000,1.8997
7.9000,19,11.2380,0.0000,1.1134
7.9200,17,-4.3418,0.0000,0.7929
7.9200,18,2.6687,0.0000,1.8924
7.9200,19,10.8421,0.0000,1.1984
7.9400,17,-4.6211,0.0000,0.7052
7.9400,18,2.3423,0.0000,1.8812
7.9400,19,10.4501,0.0000,1.2787
7.9600,17,-4.8985,0.0000,0.6141
7.9600,18,2.0184,0.0000,1.8662
7.9600,19,10.0619,0.0000,1.3543
7.9800,17,-5.1738,0.0000,0.5197
7.9800,18,1.6971,0.0000,1.8474
7.9800,19,9.6774,0.0000,1.4252
8.0000,17,-5.4472,0.0000,0.4221
8.0000,18,1.3782,0.0000,1.8248
8.0000,19,9.2966,0.0000,1.4915
8.0200,17,-5.7187,0.0000,0.3212
8.0200,18,1.0619,0.0000,1.7984
8.0200,19,8.9193,0.0000,1.5533
8.0400,17,-5.9883,0.0000,0.2171
8.0400,18,0.7480,0.0000,1.7684
8.0400,19,8.5455,0.0000,1.6105
8.0600,17,-6.2560,0.0000,0.1098
8.0600,18,0.4364,0.0000,1.7346
8.0600,19,8.1752,0.0000,1.6634
8.0800,18,0.1273,0.0000,1.6972
8.0800,19,7.8081,0.0000,1.7118
8.1000,18,-0.1796,0.0000,1.6561
8.1000,19,7.4444,0.0000,1.7559
8.1200,18,-0.4841,0.0000,1.6114
8.1200,19,7.0839,0.0000,1.7956
8.1400,18,-0.7863,0.0000,1.5631
8.1400,19,6.7266,0.0000,1.8311
8.1600,18,-1.0864,0.0000,1.5113
8.1600,19,6.3724,0.0000,1.8623
8.1800,18,-1.3842,0.0000,1.4559
8.1800,19,6.0213,0.0000,1.8894
8.2000,18,-1.6798,0.0000,1.3970
8.2000,19,5.6731,0.0000,1.9123
8.2200,18,-1.9732,0.0000,1.3346
8.2200,19,5.3279,0.0000,1.9311
8.2200,20,13.9097,0.0000,0.6179
8.2400,18,-2.2646,0.0000,1.2687
8.2400,19,4.9855,0.0000,1.9457
8.2400,20,13.4938,0.0000,0.7306
8.2600,18,-2.5538,0.0000,1.1994
8.2600,19,4.6461,0.0000,1.9564
8.2600,20,13.0823,0.0000,0.8381
8.2800,18,-2.8409,0.0000,1.1266
8.2800,19,4.3094,0.0000,1.9630
8.2800,20,12.6750,0.0000,0.9407
8.3000,18,-3.1260,0.0000,1.0505
8.3000,19,3.9754,0.0000,1.9657
8.3000,20,12.2718,0.0000,1.0383
8.3200,18,-3.4090,0.0000,0.9710
8.3200,19,3.6442,0.0000,1.9644
8.3200,20,11.8727,0.0000,1.1310
8.3400,18,-3.6900,0.0000,0.8881
8.3400,19,3.3156,0.0000,1.9592
8.3400,20,11.4776,0.0000,1.2188
8.3600,18,-3.9691,0.0000,0.8019
8.3600,19,2.9896,0.0000,1.9501
8.3600,20,11.0863,0.0000,1.3019
8.3800,18,-4.2461,0.0000,0.7124
8.3800,19,2.6662,0.0000,1.9372
8.3800,20,10.6988,0.0000,1.3802
8.4000,18,-4.5212,0.0000,0.6195
8.4000,19,2.3453,0.0000,1.9205
8.4000,20,10.3151,0.0000,1.4539
8.4200,18,-4.7944,0.0000,0.5234
8.4200,19,2.0270,0.0000,1.8999
8.4200,20,9.9350,0.0000,1.5229
8.4400,18,-5.0656,0.0000,0.4241
8.4400,19,1.7111,0.0000,1.8756
8.4400,20,9.5584,0.0000,1.5874
8.4600,18,-5.3350,0.0000,0.3215
8.4600,19,1.3976,0.0000,1.8475
8.4600,20,9.1853,0.0000,1.6473
8.4800,18,-5.6025,0.0000,0.2157
8.4800,19,1.0865,0.0000,1.8158
8.4800,20,8.8156,0.0000,1.7028
8.5000,18,-5.8681,0.0000,0.1068
8.5000,19,0.7778,0.0000,1.7803
8.5000,20,8.4493,0.0000,1.7538
8.5200,19,0.4714,0.0000,1.7412
8.5200,20,8.0863,0.0000,1.8005
8.5400,19,0.1672,0.0000,1.6985
8.5400,20,7.7264,0.0000,1.8428
8.5600,19,-0.1346,0.0000,1.6522
8.5600,20,7.3698,0.0000,1.8808
8.5800,19,-0.4342,0.0000,1.6022
8.5800,20,7.0162,0.0000,1.9146
8.6000,19,-0.7317,0.0000,1.5488
8.6000,20,6.6657,0.0000,1.9442
8.6200,19,-1.0269,0.0000,1.4918
8.6200,20,6.3181,0.0000,1.9696
8.6400,19,-1.3200,0.0000,1.4312
8.6400,20,5.9735,0.0000,1.9908
8.6400,21,14.5406,0.0000,0.6212
8.6600,19,-1.6109,0.0000,1.3672
8.6600,20,5.6318,0.0000,2.0080
8.6600,21,14.1256,0.0000,0.7371
8.6800,19,-1.8998,0.0000,1.2998
8.6800,20,5.2929,0.0000,2.0210
8.6800,21,13.7150,0.0000,0.8480
8.7000,19,-2.1866,0.0000,1.2289
8.7000,20,4.9568,0.0000,2.0301
8.7000,21,13.3086,0.0000,0.9538
8.7200,19,-2.4713,0.0000,1.1545
8.7200,20,4.6235,0.0000,2.0351
8.7200,21,12.9063,0.0000,1.0545
8.7400,19,-2.7540,0.0000,1.0768
8.7400,20,4.2928,0.0000,2.0362
8.7400,21,12.5080,0.0000,1.1504
8.7600,19,-3.0347,0.0000,0.9957
8.7600,20,3.9648,0.0000,2.0334
8.7600,21,12.1138,0.0000,1.2413
8.7800,19,-3.3134,0.0000,0.9113
8.7800,20,3.6393,0.0000,2.0266
8.7800,21,11.7233,0.0000,1.3275
8.8000,19,-3.5902,0.0000,0.8235
8.8000,20,3.3165,0.0000,2.0160
8.8000,21,11.3367,0.0000,1.4088
8.8200,19,-3.8650,0.0000,0.7325
8.8200,20,2.9962,0.0000,2.0015
8.8200,21,10.9538,0.0000,1.4855
8.8400,19,-4.1379,0.0000,0.6381
8.8400,20,2.6783,0.0000,1.9833
8.8400,21,10.5744,0.0000,1.5576
8.8600,19,-4.4088,0.0000,0.5405
8.8600,20,2.3629,0.0000,1.9612
8.8600,21,10.1987,0.0000,1.6250
8.8800,19,-4.6779,0.0000,0.4396
8.8800,20,2.0500,0.0000,1.9354
8.8800,21,9.8264,0.0000,1.6879
8.9000,19,-4.9451,0.0000,0.3355
8.9000,20,1.7394,0.0000,1.9059
8.9000,21,9.4575,0.0000,1.7463
8.9200,19,-5.2104,0.0000,0.2282
8.9200,20,1.4311,0.0000,1.8726
8.9200,21,9.0919,0.0000,1.8002
8.9400,19,-5.4739,0.0000,0.1178
8.9400,20,1.1252,0.0000,1.8357
8.9400,21,8.7297,0.0000,1.8497
8.9600,19,-5.7356,0.0000,0.0041
8.9600,20,0.8216,0.0000,1.7951
8.9600,21,8.3706,0.0000,1.8949
8.9800,20,0.5202,0.0000,1.7509
8.9800,21,8.0147,0.0000,1.9357
9.0000,20,0.2210,0.0000,1.7032
9.0000,21,7.6618,0.0000,1.9723
9.0200,20,-0.0760,0.0000,1.6518
9.0200,21,7.3120,0.0000,2.0046
9.0400,20,-0.3708,0.0000,1.5969
9.0400,21,6.9652,0.0000,2.0328
9.0600,20,-0.6634,0.0000,1.5385
9.0600,21,6.6213,0.0000,2.0567
9.0600,22,15.1716,0.0000,0.6248
9.0800,20,-0.9540,0.0000,1.4765
9.0800,21,6.2803,0.0000,2.0766
9.0800,22,14.7576,0.0000,0.7443
9.1000,20,-1.2424,0.0000,1.4111
9.1000,21,5.9421,0.0000,2.0923
9.1000,22,14.3480,0.0000,0.8586
9.1200,20,-1.5288,0.0000,1.3423
9.1200,21,5.6066,0.0000,2.1040
9.1200,22,13.9426,0.0000,0.9679
9.1400,20,-1.8132,0.0000,1.2700
9.1400,21,5.2739,0.0000,2.1117
9.1400,22,13.5413,0.0000,1.0721
9.1600,20,-2.0955,0.0000,1.1943
9.1600,21,4.9439,0.0000,2.1154
9.1600,22,13.1440,0.0000,1.1713
9.1800,20,-2.3758,0.0000,1.1152
9.1800,21,4.6165,0.0000,2.1152
9.1800,22,12.7506,0.0000,1.2657
9.2000,20,-2.6542,0.0000,1.0327
9.2000,21,4.2917,0.0000,2.1110
9.2000,22,12.3612,0.0000,1.3552
9.2200,20,-2.9306,0.0000,0.9469
9.2200,21,3.9695,0.0000,2.1029
9.2200,22,11.9755,0.0000,1.4398
9.2400,20,-3.2050,0.0000,0.8578
9.2400,21,3.6498,0.0000,2.0910
9.2400,22,11.5934,0.0000,1.5198
9.2600,20,-3.4776,0.0000,0.7653
9.2600,21,3.3326,0.0000,2.0752
9.2600,22,11.2150,0.0000,1.5951
9.2800,20,-3.7482,0.0000,0.6696
9.2800,21,3.0178,0.0000,2.0557
9.2800,22,10.8402,0.0000,1.6657
9.3000,20,-4.0169,0.0000,0.5707
9.3000,21,2.7054,0.0000,2.0323
9.3000,22,10.4688,0.0000,1.7318
9.3200,20,-4.2838,0.0000,0.4684
9.3200,21,2.3954,0.0000,2.0052
9.3200,22,10.1007,0.0000,1.7934
9.3400,20,-4.5489,0.0000,0.3630
9.3400,21,2.0877,0.0000,1.9744
9.3400,22,9.7361,0.0000,1.8504
9.3600,20,-4.8121,0.0000,0.2544
9.3600,21,1.7823,0.0000,1.9399
9.3600,22,9.3746,0.0000,1.9031
9.3800,20,-5.0735,0.0000,0.1426
9.3800,21,1.4792,0.0000,1.9018
9.3800,22,9.0164,0.0000,1.9513
9.4000,20,-5.3331,0.0000,0.0277
9.4000,21,1.1783,0.0000,1.8600
9.4000,22,8.6613,0.0000,1.9952
9.4200,21,0.8797,0.0000,1.8145
9.4200,22,8.3093,0.0000,2.0348
9.4400,21,0.5832,0.0000,1.7655
9.4400,22,7.9603,0.0000,2.0701
9.4600,21,0.2889,0.0000,1.7129
9.4600,22,7.6143,0.0000,2.1012
9.4800,21,-0.0033,0.0000,1.6568
9.4800,22,7.2712,0.0000,2.1282
9.4800,23,15.8027,0.0000,0.6286
9.5000,21,-0.2933,0.0000,1.5972
9.5000,22,6.9309,0.0000,2.1509
9.5000,23,15.3899,0.0000,0.7520
9.5200,21,-0.5813,0.0000,1.5340
9.5200,22,6.5935,0.0000,2.1696
9.5200,23,14.9814,0.0000,0.8701
9.5400,21,-0.8673,0.0000,1.4674
9.5400,22,6.2588,0.0000,2.1842
9.5400,23,14.5770,0.0000,0.9832
9.5600,21,-1.1512,0.0000,1.3973
9.5600,22,5.9268,0.0000,2.1947
9.5600,23,14.1768,0.0000,1.0911
9.5800,21,-1.4330,0.0000,1.3239
9.5800,22,5.5975,0.0000,2.2012
9.5800,23,13.7806,0.0000,1.1940
9.6000,21,-1.7129,0.0000,1.2470
9.6000,22,5.2709,0.0000,2.2038
9.6000,23,13.3883,0.0000,1.2920
9.6200,21,-1.9909,0.0000,1.1667
9.6200,22,4.9468,0.0000,2.2024
9.6200,23,12.9999,0.0000,1.3851
9.6400,21,-2.2668,0.0000,1.0830
9.6400,22,4.6253,0.0000,2.1971
9.6400,23,12.6152,0.0000,1.4734
9.6600,21,-2.5409,0.0000,0.9961
9.6600,22,4.3062,0.0000,2.1879
9.6600,23,12.2342,0.0000,1.5569
9.6800,21,-2.8130,0.0000,0.9058
9.6800,22,3.9897,0.0000,2.1749
9.6800,23,11.8569,0.0000,1.6357
9.7000,21,-3.0833,0.0000,0.8122
9.7000,22,3.6755,0.0000,2.1580
9.7000,23,11.4830,0.0000,1.7098
9.7200,21,-3.3517,0.0000,0.7153
9.7200,22,3.3638,0.0000,2.1374
9.7200,23,11.1126,0.0000,1.7793
9.7400,21,-3.6182,0.0000,0.6152
9.7400,22,3.0544,0.0000,2.1129
9.7400,23,10.7455,0.0000,1.8443
9.7600,21,-3.8829,0.0000,0.5118
9.7600,22,2.7474,0.0000,2.0848
9.7600,23,10.3818,0.0000,1.9047
9.7800,21,-4.1458,0.0000,0.4052
9.7800,22,2.4426,0.0000,2.0529
9.7800,23,10.0213,0.0000,1.9607
9.8000,21,-4.4068,0.0000,0.2955
9.8000,22,2.1401,0.0000,2.0173
9.8000,23,9.6641,0.0000,2.0123
9.8200,21,-4.6661,0.0000,0.1825
9.8200,22,1.8398,0.0000,1.9781
9.8200,23,9.3099,0.0000,2.0595
9.8400,21,-4.9236,0.0000,0.0664
9.8400,22,1.5418,0.0000,1.9352
9.8400,23,8.9588,0.0000,2.1023
9.8600,22,1.2459,0.0000,1.8887
9.8600,23,8.6107,0.0000,2.1409
9.8800,22,0.9521,0.0000,1.8387
9.8800,23,8.2656,0.0000,2.1752
9.9000,22,0.6605,0.0000,1.7851
9.9000,23,7.9233,0.0000,2.2053
9.9000,24,16.4340,0.0000,0.6328
9.9200,22,0.3710,0.0000,1.7279
9.9200,23,7.5840,0.0000,2.2313
9.9200,24,16.0224,0.0000,0.7603
9.9400,22,0.0835,0.0000,1.6672
9.9400,23,7.2474,0.0000,2.2531
9.9400,24,15.6151,0.0000,0.8825
9.9600,22,-0.2019,0.0000,1.6030
9.9600,23,6.9135,0.0000,2.2708
9.9600,24,15.2120,0.0000,0.9996
9.9800,22,-0.4853,0.0000,1.5354
9.9800,23,6.5824,0.0000,2.2844
9.9800,24,14.8130,0.0000,1.1115
10.0000,22,-0.7667,0.0000,1.4643
10.0000,23,6.2539,0.0000,2.2940
10.0000,24,14.4180,0.0000,1.2184
