distance_m,v_radial_mps,delta_pitch_rad,delta_rpm,delta_vel_mps,tof_s
1.50000000,-3.00000000,0.00000000,0.00000000,0.00000000,0.50654831
1.50000000,-2.50000000,0.00000000,0.00000000,0.00000000,0.50654831
1.50000000,-2.00000000,0.00000000,0.00000000,0.00000000,0.50654831
1.50000000,-1.50000000,0.00000000,0.00000000,0.00000000,0.50654831
1.50000000,-1.00000000,0.16250916,-147.32742310,-0.47024823,0.50729973
1.50000000,-0.50000000,0.07811584,-79.89120483,-0.25500139,0.50690681
1.50000000,0.00000000,0.00000000,0.00000000,0.00000000,0.50654831
1.50000000,0.50000000,-0.07177124,91.20559692,0.29111533,0.50610053
1.50000000,1.00000000,-0.13723145,192.42858887,0.61420476,0.50566126
1.50000000,1.50000000,-0.19668274,302.52456665,0.96561550,0.50523429
1.50000000,2.00000000,-0.25059509,420.58563232,1.34244967,0.50476922
1.50000000,2.50000000,-0.29940491,545.64666748,1.74162676,0.50430897
1.50000000,3.00000000,-0.34361572,676.99432373,2.16086984,0.50383515
1.75000000,-3.00000000,0.00000000,0.00000000,0.00000000,0.50612789
1.75000000,-2.50000000,0.00000000,0.00000000,0.00000000,0.50612789
1.75000000,-2.00000000,0.00000000,0.00000000,0.00000000,0.50612789
1.75000000,-1.50000000,0.23428040,-237.88833618,-0.75930582,0.50729496
1.75000000,-1.00000000,0.14992065,-170.67718506,-0.54477736,0.50694182
1.75000000,-0.50000000,0.07177124,-90.96527100,-0.29034824,0.50655186
1.75000000,0.00000000,0.00000000,0.00000000,0.00000000,0.50612789
1.75000000,0.50000000,-0.06549377,101.01699829,0.32243193,0.50568226
1.75000000,1.00000000,-0.12501221,210.96801758,0.67337998,0.50521961
1.75000000,1.50000000,-0.17895813,328.82308960,1.04955665,0.50475678
1.75000000,2.00000000,-0.22780151,453.67431641,1.44806406,0.50429989
1.75000000,2.50000000,-0.27204590,584.81597900,1.86664964,0.50382842
1.75000000,3.00000000,-0.31216125,721.61102295,2.30328001,0.50334204
2.00000000,-3.00000000,0.00000000,0.00000000,0.00000000,0.50570422
2.00000000,-2.50000000,0.00000000,0.00000000,0.00000000,0.50570422
2.00000000,-2.00000000,0.29977417,-338.13858032,-1.07929038,0.50730948
2.00000000,-1.50000000,0.21541443,-271.08764648,-0.86527331,0.50693422
2.00000000,-1.00000000,0.13726501,-191.55883789,-0.61142864,0.50654425
2.00000000,-0.50000000,0.06549377,-100.79193115,-0.32171355,0.50613078
2.00000000,0.00000000,0.00000000,0.00000000,0.00000000,0.50570422
2.00000000,0.50000000,-0.05955200,109.77172852,0.35037578,0.50523016
2.00000000,1.00000000,-0.11349792,227.36358643,0.72571231,0.50479516
2.00000000,1.50000000,-0.16240845,352.11181641,1.12389097,0.50429819
2.00000000,2.00000000,-0.20668640,483.07418823,1.54190428,0.50382179
2.00000000,2.50000000,-0.24680176,619.57168579,1.97758493,0.50336642
2.00000000,3.00000000,-0.28325806,761.24191284,2.42977619,0.50286996
2.25000000,-3.00000000,0.00000000,0.00000000,0.00000000,0.50523381
2.25000000,-2.50000000,0.35925903,-447.02148438,-1.42682916,0.50729898
2.25000000,-2.00000000,0.27493286,-380.12313843,-1.21329913,0.50692332
2.25000000,-1.50000000,0.19681702,-300.77362061,-0.96002673,0.50654889
2.25000000,-1.00000000,0.12504578,-210.17456055,-0.67084738,0.50612556
2.25000000,-0.50000000,0.05955200,-109.56573486,-0.34971828,0.50569938
2.25000000,0.00000000,0.00000000,0.00000000,0.00000000,0.50523381
2.25000000,0.50000000,-0.05397949,117.44689941,0.37487384,0.50477711
2.25000000,1.00000000,-0.10285645,241.87088013,0.77201754,0.50433142
2.25000000,1.50000000,-0.14716797,372.66540527,1.18949511,0.50384029
2.25000000,2.00000000,-0.18731689,509.00650024,1.62467654,0.50337018
2.25000000,2.50000000,-0.22380676,650.52795410,2.07639294,0.50285928
2.25000000,3.00000000,-0.25697327,796.50497437,2.54233088,0.50237945
2.50000000,-3.00000000,0.41313782,-563.50326538,-1.79862248,0.50729367
2.50000000,-2.50000000,0.32887878,-496.75750732,-1.58557949,0.50695256
2.50000000,-2.00000000,0.25076294,-417.52624512,-1.33268454,0.50654239
2.50000000,-1.50000000,0.17902527,-327.10266113,-1.04406529,0.50613747
2.50000000,-1.00000000,0.11353149,-226.65023804,-0.72343541,0.50570344
2.50000000,-0.50000000,0.05397949,-117.25616455,-0.37426504,0.50523781
2.50000000,0.00000000,0.00000000,0.00000000,0.00000000,0.50478710
2.50000000,0.50000000,-0.04891052,124.30953979,0.39677842,0.50431604
2.50000000,1.00000000,-0.09322205,254.89044189,0.81357413,0.50383752
2.50000000,1.50000000,-0.13337097,390.99884033,1.24801283,0.50338229
2.50000000,2.00000000,-0.16986084,532.26852417,1.69892562,0.50288792
2.50000000,2.50000000,-0.20306091,678.12728882,2.16448610,0.50238865
2.50000000,3.00000000,-0.23330688,828.04107666,2.64298965,0.50191490
2.75000000,-3.00000000,0.37765503,-620.14007568,-1.97939915,0.50693649
2.75000000,-2.50000000,0.29960632,-541.05758667,-1.72697906,0.50655449
2.75000000,-2.00000000,0.22790222,-450.77896118,-1.43882249,0.50615008
2.75000000,-1.50000000,0.16240845,-350.44097900,-1.11855789,0.50569130
2.75000000,-1.00000000,0.10289001,-241.23764038,-0.76999633,0.50524521
2.75000000,-0.50000000,0.04891052,-124.13787842,-0.39623050,0.50478790
2.75000000,0.00000000,0.00000000,0.00000000,0.00000000,0.50431573
2.75000000,0.50000000,-0.04431152,130.39779663,0.41621127,0.50383935
2.75000000,1.00000000,-0.08446045,266.30401611,0.85000464,0.50339002
2.75000000,1.50000000,-0.12095032,407.35244751,1.30021122,0.50290442
2.75000000,2.00000000,-0.15415039,552.97470093,1.76501680,0.50241554
2.75000000,2.50000000,-0.18442993,702.81219482,2.24327682,0.50191448
2.75000000,3.00000000,-0.21209106,856.41860962,2.73356671,0.50142541
3.00000000,-3.00000000,0.34378357,-670.55511475,-2.14031680,0.50656417
3.00000000,-2.50000000,0.27211304,-580.38330078,-1.85250116,0.50614827
3.00000000,-2.00000000,0.20665283,-480.17883301,-1.53266271,0.50569051
3.00000000,-1.50000000,0.14716797,-371.13952637,-1.18462472,0.50525509
3.00000000,-1.00000000,0.09318848,-254.15802002,-0.81123634,0.50478131
3.00000000,-0.50000000,0.04431152,-130.24139404,-0.41571205,0.50433373
3.00000000,0.00000000,0.00000000,0.00000000,0.00000000,0.50385227
3.00000000,0.50000000,-0.04018250,135.86044312,0.43364726,0.50336508
3.00000000,1.00000000,-0.07667236,276.74102783,0.88331810,0.50288041
3.00000000,1.50000000,-0.10987244,422.18017578,1.34753923,0.50239504
3.00000000,2.00000000,-0.14011841,571.64382935,1.82460601,0.50193852
3.00000000,2.50000000,-0.16781311,725.21972656,2.31479848,0.50141654
3.00000000,3.00000000,-0.19315796,882.17544556,2.81577887,0.50092736
3.25000000,-3.00000000,0.31212769,-715.33584595,-2.28325054,0.50614502
3.25000000,-2.50000000,0.24673462,-615.28015137,-1.96388696,0.50570937
3.25000000,-2.00000000,0.18728333,-506.37435913,-1.61627512,0.50527192
3.25000000,-1.50000000,0.13333740,-389.55307007,-1.24339814,0.50480451
3.25000000,-1.00000000,0.08446045,-265.73944092,-0.84820260,0.50433624
3.25000000,-0.50000000,0.04014893,-135.61248779,-0.43285582,0.50384023
3.25000000,0.00000000,0.00000000,0.00000000,0.00000000,0.50337936
3.25000000,0.50000000,-0.03648987,140.73181152,0.44919598,0.50288837
3.25000000,1.00000000,-0.06968994,286.01074219,0.91290571,0.50239954
3.25000000,1.50000000,-0.09993591,435.29510498,1.38940022,0.50194310
3.25000000,2.00000000,-0.12763062,588.68026733,1.87898390,0.50142288
3.25000000,2.50000000,-0.15297546,745.43380737,2.37931896,0.50093688
3.25000000,3.00000000,-0.17627258,905.62438965,2.89062458,0.50042288
3.50000000,-3.00000000,0.28305664,-755.16128540,-2.41036769,0.50572080
3.50000000,-2.50000000,0.22363892,-646.34323120,-2.06303590,0.50526692
3.50000000,-2.00000000,0.16972656,-529.63256836,-1.69051202,0.50479297
3.50000000,-1.50000000,0.12088318,-405.96389771,-1.29577917,0.50432791
3.50000000,-1.00000000,0.07660522,-276.01242065,-0.88099249,0.50384196
3.50000000,-0.50000000,0.03648987,-140.61737061,-0.44883070,0.50339863
3.50000000,0.00000000,0.00000000,0.00000000,0.00000000,0.50289301
3.50000000,0.50000000,-0.03316650,144.99282837,0.46279654,0.50243211
3.50000000,1.00000000,-0.06344604,294.30007935,0.93936410,0.50192954
3.50000000,1.50000000,-0.09110718,447.34191895,1.42785194,0.50144433
3.50000000,2.00000000,-0.11645203,603.91616821,1.92761474,0.50095635
3.50000000,2.50000000,-0.13974915,763.91601562,2.43831155,0.50044204
3.50000000,3.00000000,-0.16119995,927.02484131,2.95893178,0.49992447
3.75000000,-3.00000000,0.25663757,-790.55786133,-2.52334854,0.50526169
3.75000000,-2.50000000,0.20279236,-674.00741577,-2.15133605,0.50480867
3.75000000,-2.00000000,0.15398254,-550.45318604,-1.75696848,0.50433794
3.75000000,-1.50000000,0.10973816,-420.65048218,-1.34265666,0.50385518
3.75000000,-1.00000000,0.06962280,-285.31646729,-0.91068969,0.50338587
3.75000000,-0.50000000,0.03316650,-144.90509033,-0.46251649,0.50289617
3.75000000,0.00000000,0.00000000,0.00000000,0.00000000,0.50241834
3.75000000,0.50000000,-0.03024597,149.03259277,0.47569089,0.50194179
3.75000000,1.00000000,-0.05790710,301.94854736,0.96377693,0.50144714
3.75000000,1.50000000,-0.08325195,458.38928223,1.46311356,0.50095180
3.75000000,2.00000000,-0.10654907,618.24417114,1.97334769,0.50043236
3.75000000,2.50000000,-0.12796631,780.93338013,2.49262856,0.49995527
3.75000000,3.00000000,-0.14777222,946.86508179,3.02225902,0.49942209
4.00000000,-3.00000000,0.23283691,-822.17788696,-2.62427518,0.50478678
4.00000000,-2.50000000,0.18409424,-698.78387451,-2.23041900,0.50433610
4.00000000,-2.00000000,0.13988342,-569.08798218,-1.81644811,0.50384715
4.00000000,-1.50000000,0.09980164,-433.88748169,-1.38490729,0.50337856
4.00000000,-1.00000000,0.06337891,-293.64776611,-0.93728201,0.50289707
4.00000000,-0.50000000,0.03024597,-148.95629883,-0.47544737,0.50243423
4.00000000,0.00000000,0.00000000,0.00000000,0.00000000,0.50193854
4.00000000,0.50000000,-0.02766113,152.83203125,0.48781816,0.50142809
4.00000000,1.00000000,-0.05297241,308.96377563,0.98616854,0.50096110
4.00000000,1.50000000,-0.07626953,468.70040894,1.49602521,0.50043166
4.00000000,2.00000000,-0.09768677,631.26373291,2.01490428,0.49994647
4.00000000,2.50000000,-0.11745911,796.76437378,2.54315885,0.49945293
4.00000000,3.00000000,-0.12904053,902.18353271,2.87964185,0.50836253
4.25000000,-3.00000000,0.21155396,-850.75378418,-2.71548539,0.50433842
4.25000000,-2.50000000,0.16741028,-721.22573853,-2.30205024,0.50386517
4.25000000,-2.00000000,0.12736206,-586.13204956,-1.87085035,0.50338689
4.25000000,-1.50000000,0.09097290,-446.03347778,-1.42367559,0.50290399
4.25000000,-1.00000000,0.05783997,-301.35726929,-0.96188965,0.50240779
4.25000000,-0.50000000,0.02762756,-152.59170532,-0.48705108,0.50192186
4.25000000,0.00000000,0.00000000,0.00000000,0.00000000,0.50142811
4.25000000,0.50000000,-0.02531128,156.06689453,0.49814339,0.50094116
4.25000000,1.00000000,-0.04857483,315.48690796,1.00698945,0.50043796
4.25000000,1.50000000,-0.06999207,477.94723511,1.52553977,0.49993953
4.25000000,2.00000000,-0.08976440,643.34106445,2.05345341,0.49943436
4.25000000,2.50000000,-0.10148010,749.90844727,2.39360138,0.50814460
4.25000000,3.00000000,-0.10057373,749.96185303,2.39377184,0.53321003
4.50000000,-3.00000000,0.19252014,-876.43051147,-2.79744186,0.50385446
4.50000000,-2.50000000,0.15253906,-741.51992798,-2.36682642,0.50339672
4.50000000,-2.00000000,0.11618347,-601.52435303,-1.91998040,0.50290641
4.50000000,-1.50000000,0.08308411,-456.98547363,-1.45863280,0.50241024
4.50000000,-1.00000000,0.05290527,-308.39538574,-0.98435432,0.50193105
4.50000000,-0.50000000,0.02531128,-156.02111816,-0.49799728,0.50145020
4.50000000,0.00000000,0.00000000,0.00000000,0.00000000,0.50094046
4.50000000,0.50000000,-0.02322998,159.13391113,0.50793287,0.50045939
4.50000000,1.00000000,-0.04464722,321.51794434,1.02623967,0.49994452
4.50000000,1.50000000,-0.06438599,486.53411865,1.55294789,0.49947103
4.50000000,2.00000000,-0.07623596,594.25735474,1.89678517,0.50798061
4.50000000,2.50000000,-0.07532959,594.24209595,1.89673647,0.53303000
4.50000000,3.00000000,-0.07344971,594.24591064,1.89674864,0.55851119
4.75000000,-3.00000000,0.17556763,-899.80316162,-2.87204404,0.50337798
4.75000000,-2.50000000,0.13927917,-759.99832153,-2.42580683,0.50290880
4.75000000,-2.00000000,0.10621338,-615.56243896,-1.96478798,0.50240595
4.75000000,-1.50000000,0.07606812,-467.10968018,-1.49094783,0.50192700
4.75000000,-1.00000000,0.04850769,-314.91088867,-1.00515088,0.50145272
4.75000000,-0.50000000,0.02322998,-159.10720825,-0.50784764,0.50095537
4.75000000,0.00000000,0.00000000,0.00000000,0.00000000,0.50045003
4.75000000,0.50000000,-0.02138367,162.09411621,0.51738142,0.49995696
4.75000000,1.00000000,-0.04112244,327.05688477,1.04391918,0.49946499
4.75000000,1.50000000,-0.05303955,435.34851074,1.38957069,0.50786390
4.75000000,2.00000000,-0.05213318,435.28366089,1.38936369,0.53289485
4.75000000,2.50000000,-0.05028687,435.50491333,1.39006990,0.55831182
4.75000000,3.00000000,-0.04750061,435.40954590,1.38976550,0.58423735
5.00000000,-3.00000000,0.16046143,-921.13494873,-2.94013208,0.50290323
5.00000000,-2.50000000,0.12746277,-776.92031860,-2.47981944,0.50242631
5.00000000,-2.00000000,0.09735107,-628.58963013,-2.00636893,0.50194453
5.00000000,-1.50000000,0.06979065,-476.34506226,-1.52042586,0.50143235
5.00000000,-1.00000000,0.04454651,-320.71685791,-1.02368271,0.50094313
5.00000000,-0.50000000,0.02135010,-161.82708740,-0.51652911,0.50045130
5.00000000,0.00000000,0.00000000,0.00000000,0.00000000,0.49997729
5.00000000,0.50000000,-0.01973877,164.93606567,0.52645252,0.49946389
5.00000000,1.00000000,-0.03168945,273.51379395,0.87301723,0.50779594
5.00000000,1.50000000,-0.03081665,273.70071411,0.87361385,0.53276112
5.00000000,2.00000000,-0.02893677,273.59390259,0.87327292,0.55820634
5.00000000,2.50000000,-0.02618408,273.69308472,0.87358950,0.58406974
5.00000000,3.00000000,-0.02252502,273.49090576,0.87294417,0.61047921
5.25000000,-3.00000000,0.14700012,-940.92178345,-3.00328885,0.50241636
5.25000000,-2.50000000,0.11692200,-792.64831543,-2.53002097,0.50191966
5.25000000,-2.00000000,0.08942871,-640.69366455,-2.04500329,0.50144060
5.25000000,-1.50000000,0.06421814,-485.21423340,-1.54873500,0.50095156
5.25000000,-1.00000000,0.04105530,-326.51901245,-1.04220237,0.50046662
5.25000000,-0.50000000,0.01970520,-164.66903687,-0.52560021,0.49996147
5.25000000,0.00000000,0.00000000,0.00000000,0.00000000,0.49946504
5.25000000,0.50000000,-0.01195068,108.57391357,0.34655253,0.50777224
5.25000000,1.00000000,-0.01107788,108.74176025,0.34708827,0.53271437
5.25000000,1.50000000,-0.00919800,108.60061646,0.34663776,0.55813852
5.25000000,2.00000000,-0.00644531,108.65783691,0.34682040,0.58398190
5.25000000,2.50000000,-0.00281982,108.64639282,0.34678387,0.61032620
5.25000000,3.00000000,0.00157776,108.75701904,0.34713698,0.63715168
5.50000000,-3.00000000,0.13172607,-916.04995728,-2.92390151,0.50196158
5.50000000,-2.50000000,0.10356140,-761.96670532,-2.43208963,0.50148977
5.50000000,-2.00000000,0.07774658,-604.02297974,-1.92795566,0.50096831
5.50000000,-1.50000000,0.05408020,-442.82913208,-1.41344777,0.50047022
5.50000000,-1.00000000,0.03232727,-278.58734131,-0.88921127,0.49998897
5.50000000,-0.50000000,0.01225281,-111.22512817,-0.35501483,0.49948135
5.50000000,0.00000000,0.00000000,0.00000000,0.00000000,0.50779818
5.50000000,0.50000000,0.00090637,0.08392334,0.00026787,0.53317426
5.50000000,1.00000000,0.00281982,0.10299683,0.00032875,0.55900602
5.50000000,1.50000000,0.00567322,0.10681152,0.00034093,0.58531453
5.50000000,2.00000000,0.00939941,0.12588501,0.00040181,0.61212008
5.50000000,2.50000000,0.01393127,0.16021729,0.00051139,0.63944445
5.50000000,3.00000000,0.01926880,0.19454956,0.00062097,0.66734210
5.75000000,-3.00000000,0.11114807,-810.30273438,-2.58637138,0.50162105
5.75000000,-2.50000000,0.08341980,-645.92361450,-2.06169654,0.50112823
5.75000000,-2.00000000,0.05807495,-477.57720947,-1.52435870,0.50059600
5.75000000,-1.50000000,0.03487854,-305.74798584,-0.97590420,0.50007026
5.75000000,-1.00000000,0.01356201,-130.41305542,-0.41625997,0.49951167
5.75000000,-0.50000000,-0.00090637,-0.11825562,-0.00037746,0.50616271
5.75000000,0.00000000,0.00000000,0.00000000,0.00000000,0.53276400
5.75000000,0.50000000,0.00201416,-0.01144409,-0.00003653,0.55987239
5.75000000,1.00000000,0.00510254,-0.23269653,-0.00074273,0.58754927
5.75000000,1.50000000,0.00906372,-0.01907349,-0.00006088,0.61568724
5.75000000,2.00000000,0.01399841,-0.17547607,-0.00056009,0.64449417
5.75000000,2.50000000,0.01973877,-0.04577637,-0.00014611,0.67386614
5.75000000,3.00000000,0.02635193,-0.18310547,-0.00058445,0.70397534
6.00000000,-3.00000000,0.09090576,-703.49121094,-2.24544415,0.50130388
6.00000000,-2.50000000,0.06354675,-528.24783325,-1.68609214,0.50072692
6.00000000,-2.00000000,0.03867188,-349.38049316,-1.11517297,0.50020775
6.00000000,-1.50000000,0.01591187,-166.54586792,-0.53159078,0.49963808
6.00000000,-1.00000000,-0.00281982,-0.04577637,-0.00014611,0.50203148
6.00000000,-0.50000000,-0.00201416,-0.10681152,-0.00034093,0.52986568
6.00000000,0.00000000,0.00000000,0.00000000,0.00000000,0.55821088
6.00000000,0.50000000,0.00315552,0.01525879,0.00004870,0.58714067
6.00000000,1.00000000,0.00735168,-0.00381470,-0.00001218,0.61667601
6.00000000,1.50000000,0.01255493,-0.08392334,-0.00026787,0.64687587
6.00000000,2.00000000,0.01866455,0.08773804,0.00028005,0.67771932
6.00000000,2.50000000,0.02571411,0.07247925,0.00023134,0.70935600
6.00000000,3.00000000,0.03367004,0.01525879,0.00004870,0.74182743
6.25000000,-3.00000000,0.07096558,-595.94345093,-1.90216695,0.50096911
6.25000000,-2.50000000,0.04400940,-409.90066528,-1.30834477,0.50036543
6.25000000,-2.00000000,0.01953735,-219.91348267,-0.70193264,0.49979388
6.25000000,-1.50000000,-0.00278625,-25.95520020,-0.08284532,0.49920330
6.25000000,-1.00000000,-0.00503540,-0.08773804,-0.00028005,0.52432541
6.25000000,-0.50000000,-0.00312195,-0.18692017,-0.00059662,0.55391736
6.25000000,0.00000000,0.00000000,0.00000000,0.00000000,0.58407436
6.25000000,0.50000000,0.00433044,-0.11444092,-0.00036528,0.61494886
6.25000000,1.00000000,0.00973511,-0.17166138,-0.00054792,0.64651811
6.25000000,1.50000000,0.01614685,-0.07629395,-0.00024352,0.67881547
6.25000000,2.00000000,0.02356567,-0.05722046,-0.00018264,0.71195503
6.25000000,2.50000000,0.03199158,-0.08010864,-0.00025570,0.74602211
6.25000000,3.00000000,0.04139099,-0.06103516,-0.00019482,0.78108143
6.50000000,-3.00000000,0.05122681,-487.47253418,-1.55594317,0.50061604
6.50000000,-2.50000000,0.02467346,-290.52352905,-0.92730989,0.50001363
6.50000000,-2.00000000,0.00060425,-89.33258057,-0.28513692,0.49942140
6.50000000,-1.50000000,-0.00899658,0.19073486,0.00060880,0.51614966
6.50000000,-1.00000000,-0.00735168,0.10299683,0.00032875,0.54691728
6.50000000,-0.50000000,-0.00433044,0.15640259,0.00049921,0.57832664
6.50000000,0.00000000,0.00000000,0.00000000,0.00000000,0.61048498
6.50000000,0.50000000,0.00550537,0.00381470,0.00001218,0.64337739
6.50000000,1.00000000,0.01211853,0.15640259,0.00049921,0.67706157
6.50000000,1.50000000,0.01983948,0.16403198,0.00052357,0.71167292
6.50000000,2.00000000,0.02866821,0.10299683,0.00032875,0.74730472
6.50000000,2.50000000,0.03853760,0.14495850,0.00046269,0.78400273
6.50000000,3.00000000,0.04954834,0.09918213,0.00031658,0.82197593
6.75000000,-3.00000000,0.03175659,-378.81851196,-1.20913495,0.50027561
6.75000000,-2.50000000,0.00557251,-170.60470581,-0.54454602,0.49965166
6.75000000,-2.00000000,-0.01359558,-0.20217896,-0.00064533,0.50535982
6.75000000,-1.50000000,-0.01242065,-0.08392334,-0.00026787,0.53722493
6.75000000,-1.00000000,-0.00966797,-0.06484985,-0.00020699,0.56981759
6.75000000,-0.50000000,-0.00547180,-0.17929077,-0.00057227,0.60319476
6.75000000,0.00000000,0.00000000,0.00000000,0.00000000,0.63733035
6.75000000,0.50000000,0.00674744,-0.08010864,-0.00025570,0.67240062
6.75000000,1.00000000,0.01470337,-0.10681152,-0.00034093,0.70844063
6.75000000,1.50000000,0.02380066,-0.01907349,-0.00006088,0.74551806
6.75000000,2.00000000,0.03410645,-0.11825562,-0.00037746,0.78383929
6.75000000,2.50000000,0.04558716,-0.03051758,-0.00009741,0.82346329
6.75000000,3.00000000,0.05834351,-0.02288818,-0.00007306,0.86465058
7.00000000,-3.00000000,0.01245422,-269.78302002,-0.86110913,0.49995795
7.00000000,-2.50000000,-0.01339417,-49.96490479,-0.15948089,0.49930266
7.00000000,-2.00000000,-0.01826172,-0.04577637,-0.00014611,0.52479816
7.00000000,-1.50000000,-0.01597900,0.00000000,0.00000000,0.55851180
7.00000000,-1.00000000,-0.01208496,-0.03814697,-0.00012176,0.59304796
7.00000000,-0.50000000,-0.00674744,0.15640259,0.00049921,0.62841124
7.00000000,0.00000000,0.00000000,0.00000000,0.00000000,0.66478173
7.00000000,0.50000000,0.00802307,0.15640259,0.00049921,0.70212524
7.00000000,1.00000000,0.01735535,0.12588501,0.00040181,0.74065637
7.00000000,1.50000000,0.02796326,0.09918213,0.00031658,0.78046955
7.00000000,2.00000000,0.03988037,0.04959106,0.00015829,0.82174263
7.00000000,2.50000000,0.05314026,0.11062622,0.00035310,0.86464815
7.00000000,3.00000000,0.06791077,0.06866455,0.00021917,0.90954079
7.25000000,-3.00000000,-0.00671387,-160.67504883,-0.51285196,0.49961976
7.25000000,-2.50000000,-0.02463989,-0.24795532,-0.00079144,0.50960199
7.25000000,-2.00000000,-0.02306213,-0.08392334,-0.00026787,0.54436309
7.25000000,-1.50000000,-0.01963806,-0.08010864,-0.00025570,0.58000933
7.25000000,-1.00000000,-0.01460266,-0.00381470,-0.00001218,0.61654934
7.25000000,-0.50000000,-0.00798950,-0.20599365,-0.00065750,0.65414897
7.25000000,0.00000000,0.00000000,0.00000000,0.00000000,0.69275422
7.25000000,0.50000000,0.00943298,-0.10681152,-0.00034093,0.73264108
7.25000000,1.00000000,0.02024231,-0.15640259,-0.00049921,0.77387633
7.25000000,1.50000000,0.03242798,-0.04577637,-0.00014611,0.81660973
7.25000000,2.00000000,0.04612427,-0.04959106,-0.00015829,0.86116236
7.25000000,2.50000000,0.06139832,-0.01907349,-0.00006088,0.90778601
7.25000000,3.00000000,0.07845154,-0.02288818,-0.00007306,0.95691659
7.50000000,-3.00000000,-0.02581482,-51.50222778,-0.16438780,0.49930046
7.50000000,-2.50000000,-0.03074951,0.00762939,0.00002435,0.52739173
7.50000000,-2.00000000,-0.02803040,-0.02670288,-0.00008523,0.56410100
7.50000000,-1.50000000,-0.02349854,0.14877319,0.00047486,0.60172748
7.50000000,-1.00000000,-0.01722107,-0.03814697,-0.00012176,0.64046572
7.50000000,-0.50000000,-0.00939941,0.12588501,0.00040181,0.68027974
7.50000000,0.00000000,0.00000000,0.00000000,0.00000000,0.72143245
7.50000000,0.50000000,0.01087646,0.03051758,0.00009741,0.76397690
7.50000000,1.00000000,0.02326355,0.03433228,0.00010958,0.80814369
7.50000000,1.50000000,0.03722839,0.13732910,0.00043834,0.85416486
7.50000000,2.00000000,0.05290527,0.16021729,0.00051139,0.90240971
7.50000000,2.50000000,0.07049561,0.11825562,0.00037746,0.95332981
7.50000000,3.00000000,0.09026794,0.12969971,0.00041398,1.00750394
7.75000000,-3.00000000,-0.03870544,-0.20599365,-0.00065750,0.50758816
7.75000000,-2.50000000,-0.03702698,-0.04577637,-0.00014611,0.54524740
7.75000000,-2.00000000,-0.03320007,-0.12969971,-0.00041398,0.58394925
7.75000000,-1.50000000,-0.02745972,-0.16403198,-0.00052357,0.62373329
7.75000000,-1.00000000,-0.01997375,-0.04959106,-0.00015829,0.66467755
7.75000000,-0.50000000,-0.01077576,-0.14495850,-0.00046269,0.70699034
7.75000000,0.00000000,0.00000000,0.00000000,0.00000000,0.75072169
7.75000000,0.50000000,0.01245422,-0.03814697,-0.00012176,0.79619239
7.75000000,1.00000000,0.02658691,-0.03433228,-0.00010958,0.84360143
7.75000000,1.50000000,0.04253235,-0.04959106,-0.00015829,0.89331599
7.75000000,2.00000000,0.06049194,-0.08392334,-0.00026787,0.94580988
7.75000000,2.50000000,0.08076782,-0.06866455,-0.00021917,1.00172400
7.75000000,3.00000000,0.10386353,-0.01144409,-0.00003653,1.06204534
8.00000000,-3.00000000,-0.04639282,-0.00381470,-0.00001218,0.52348686
8.00000000,-2.50000000,-0.04360657,-0.02670288,-0.00008523,0.56314426
8.00000000,-2.00000000,-0.03863831,-0.05722046,-0.00018264,0.60392892
8.00000000,-1.50000000,-0.03168945,-0.10681152,-0.00034093,0.64594605
8.00000000,-1.00000000,-0.02292786,0.08773804,0.00028005,0.68927060
8.00000000,-0.50000000,-0.01235352,0.08392334,0.00026787,0.73416574
8.00000000,0.00000000,0.00000000,0.00000000,0.00000000,0.78082134
8.00000000,0.50000000,0.01413269,0.02670288,0.00008523,0.82945462
8.00000000,1.00000000,0.03017883,0.02288818,0.00007306,0.88045968
8.00000000,1.50000000,0.04833984,0.03814697,0.00012176,0.93431890
8.00000000,2.00000000,0.06891785,0.06484985,0.00020699,0.99170738
8.00000000,2.50000000,0.09248352,0.02288818,0.00007306,1.05371164
8.00000000,3.00000000,0.11984253,0.10299683,0.00032875,1.12189151
8.25000000,-3.00000000,-0.05438232,-0.02288818,-0.00007306,0.53933374
8.25000000,-2.50000000,-0.05048828,-0.12969971,-0.00041398,0.58105687
8.25000000,-2.00000000,-0.04437866,-0.04959106,-0.00015829,0.62400361
8.25000000,-1.50000000,-0.03615417,-0.14877319,-0.00047486,0.66839076
8.25000000,-1.00000000,-0.02601624,-0.09155273,-0.00029222,0.71429716
8.25000000,-0.50000000,-0.01396484,-0.07629395,-0.00024352,0.76198439
8.25000000,0.00000000,0.00000000,0.00000000,0.00000000,0.81169987
8.25000000,0.50000000,0.01597900,0.01907349,0.00006088,0.86382796
8.25000000,1.00000000,0.03417358,0.02670288,0.00008523,0.91886536
8.25000000,1.50000000,0.05488586,0.00381470,0.00001218,0.97750510
8.25000000,2.00000000,0.07861938,0.00381470,0.00001218,1.04076474
8.25000000,2.50000000,0.10628052,-0.00381470,-0.00001218,1.11034612
8.25000000,3.00000000,0.13951416,0.03433228,0.00010958,1.18927625
8.50000000,-3.00000000,-0.06277466,-0.12588501,-0.00040181,0.55509314
8.50000000,-2.50000000,-0.05777283,-0.19836426,-0.00063315,0.59895492
8.50000000,-2.00000000,-0.05045471,-0.03433228,-0.00010958,0.64419487
8.50000000,-1.50000000,-0.04095459,-0.04577637,-0.00014611,0.69104687
8.50000000,-1.00000000,-0.02937317,-0.08773804,-0.00028005,0.73969901
8.50000000,-0.50000000,-0.01574402,-0.08392334,-0.00026787,0.79040059
8.50000000,0.00000000,0.00000000,0.00000000,0.00000000,0.84350195
8.50000000,0.50000000,0.01806030,-0.06484985,-0.00020699,0.89955409
8.50000000,1.00000000,0.03867188,-0.04577637,-0.00014611,0.95916350
8.50000000,1.50000000,0.06237183,-0.06103516,-0.00019482,1.02339969
8.50000000,2.00000000,0.08996582,0.03051758,0.00009741,1.09382809
8.50000000,2.50000000,0.12309875,0.03814697,0.00012176,1.17346993
8.50000000,3.00000000,0.16536255,-0.00762939,-0.00002435,1.26880171
8.75000000,-3.00000000,-0.07167053,-0.11062622,-0.00035310,0.57069124
8.75000000,-2.50000000,-0.06556091,0.04196167,0.00013394,0.61675675
8.75000000,-2.00000000,-0.05696716,-0.09536743,-0.00030440,0.66447757
8.75000000,-1.50000000,-0.04612427,0.04196167,0.00013394,0.71394204
8.75000000,-1.00000000,-0.03303223,-0.01525879,-0.00004870,0.76551281
8.75000000,-0.50000000,-0.01769104,-0.06484985,-0.00020699,0.81949669
8.75000000,0.00000000,0.00000000,0.00000000,0.00000000,0.87632767
8.75000000,0.50000000,0.02034302,-0.03814697,-0.00012176,0.93673083
8.75000000,1.00000000,0.04377441,-0.02670288,-0.00008523,1.00164169
8.75000000,1.50000000,0.07106628,0.00381470,0.00001218,1.07259280
8.75000000,2.00000000,0.10369568,0.03433228,0.00010958,1.15231690
8.75000000,2.50000000,0.14485168,0.03051758,0.00009741,1.24658831
8.75000000,3.00000000,0.00000000,0.00000000,0.00000000,0.87632767
9.00000000,-3.00000000,-0.08113708,-0.08773804,-0.00028005,0.58609641
9.00000000,-2.50000000,-0.07381897,-0.17547607,-0.00056009,0.63457069
9.00000000,-2.00000000,-0.06398315,-0.00762939,-0.00002435,0.68479002
9.00000000,-1.50000000,-0.05169678,-0.04577637,-0.00014611,0.73710085
9.00000000,-1.00000000,-0.03699341,-0.16021729,-0.00051139,0.79182054
9.00000000,-0.50000000,-0.01983948,-0.07629395,-0.00024352,0.84932502
9.00000000,0.00000000,0.00000000,0.00000000,0.00000000,0.91028249
9.00000000,0.50000000,0.02296143,-0.06484985,-0.00020699,0.97565800
9.00000000,1.00000000,0.04971619,-0.08392334,-0.00026787,1.04681748
9.00000000,1.50000000,0.08153992,-0.04959106,-0.00015829,1.12618171
9.00000000,2.00000000,0.12115173,-0.02670288,-0.00008523,1.21870376
9.00000000,2.50000000,0.17620544,0.00000000,0.00000000,1.33811557
9.00000000,3.00000000,0.00000000,0.00000000,0.00000000,0.91028249
9.25000000,-3.00000000,-0.09130859,-0.03433228,-0.00010958,0.60125073
9.25000000,-2.50000000,-0.08278198,-0.16784668,-0.00053574,0.65221811
9.25000000,-2.00000000,-0.07160339,-0.08392334,-0.00026787,0.70516500
9.25000000,-1.50000000,-0.05780640,-0.13351440,-0.00042616,0.76048788
9.25000000,-1.00000000,-0.04142456,0.00381470,0.00001218,0.81853013
9.25000000,-0.50000000,-0.02225647,-0.04577637,-0.00014611,0.87996359
9.25000000,0.00000000,0.00000000,0.00000000,0.00000000,0.94556264
9.25000000,0.50000000,0.02598267,-0.07247925,-0.00023134,1.01667455
9.25000000,1.00000000,0.05673218,0.00000000,0.00000000,1.09533422
9.25000000,1.50000000,0.09456482,-0.03051758,-0.00009741,1.18577983
9.25000000,2.00000000,0.14512024,-0.02288818,-0.00007306,1.29819617
9.25000000,2.50000000,0.00000000,0.00000000,0.00000000,0.94556264
9.25000000,3.00000000,0.00000000,0.00000000,0.00000000,0.94556264
9.50000000,-3.00000000,-0.10231934,-0.01907349,-0.00006088,0.61609258
9.50000000,-2.50000000,-0.09258423,0.01907349,0.00006088,0.66964349
9.50000000,-2.00000000,-0.07999573,0.03051758,0.00009741,0.72548908
9.50000000,-1.50000000,-0.06462097,0.01907349,0.00006088,0.78401911
9.50000000,-1.00000000,-0.04635925,0.01144409,0.00003653,0.84577975
9.50000000,-0.50000000,-0.02497559,-0.06866455,-0.00021917,0.91153938
9.50000000,0.00000000,0.00000000,0.00000000,0.00000000,0.98237786
9.50000000,0.50000000,0.02954102,-0.02670288,-0.00008523,1.06022942
9.50000000,1.00000000,0.06539307,0.01907349,0.00006088,1.14839221
9.50000000,1.50000000,0.11178589,0.03814697,0.00012176,1.25453174
9.50000000,2.00000000,0.00000000,0.00000000,0.00000000,0.98237786
9.50000000,2.50000000,0.00000000,0.00000000,0.00000000,0.98237786
9.50000000,3.00000000,0.00000000,0.00000000,0.00000000,0.98237786
9.75000000,-3.00000000,-0.11430359,-0.12588501,-0.00040181,0.63054183
9.75000000,-2.50000000,-0.10329285,-0.19073486,-0.00060880,0.68687967
9.75000000,-2.00000000,-0.08926086,-0.06484985,-0.00020699,0.74577158
9.75000000,-1.50000000,-0.07217407,-0.14114380,-0.00045051,0.80779242
9.75000000,-1.00000000,-0.05193176,-0.04196167,-0.00013394,0.87353451
9.75000000,-0.50000000,-0.02813110,0.00381470,0.00001218,0.94405003
9.75000000,0.00000000,0.00000000,0.00000000,0.00000000,1.02094427
9.75000000,0.50000000,0.03387146,-0.06103516,-0.00019482,1.10696376
9.75000000,1.00000000,0.07650452,-0.00381470,-0.00001218,1.20767884
9.75000000,1.50000000,0.13729858,0.00762939,0.00002435,1.33993482
9.75000000,2.00000000,0.00000000,0.00000000,0.00000000,1.02094427
9.75000000,2.50000000,0.00000000,0.00000000,0.00000000,1.02094427
9.75000000,3.00000000,0.00000000,0.00000000,0.00000000,1.02094427
10.00000000,-3.00000000,-0.12759705,0.01907349,0.00006088,0.64439747
10.00000000,-2.50000000,-0.11527710,-0.11825562,-0.00037746,0.70368387
10.00000000,-2.00000000,-0.09970093,-0.03814697,-0.00012176,0.76587495
10.00000000,-1.50000000,-0.08083496,0.04196167,0.00013394,0.83160383
10.00000000,-1.00000000,-0.05837708,0.02288818,0.00007306,0.90179499
10.00000000,-0.50000000,-0.03179016,-0.03051758,-0.00009741,0.97776358
10.00000000,0.00000000,0.00000000,0.00000000,0.00000000,1.06169428
10.00000000,0.50000000,0.03927612,0.04196167,0.00013394,1.15786353
10.00000000,1.00000000,0.09187927,0.01144409,0.00003653,1.27684167
10.00000000,1.50000000,0.00000000,0.00000000,0.00000000,1.06169428
10.00000000,2.00000000,0.00000000,0.00000000,0.00000000,1.06169428
10.00000000,2.50000000,0.00000000,0.00000000,0.00000000,1.06169428
10.00000000,3.00000000,0.00000000,0.00000000,0.00000000,1.06169428
